Sequence,Class,BLOSUM62_A,BLOSUM62_C,BLOSUM62_D,BLOSUM62_E,BLOSUM62_F,BLOSUM62_G,BLOSUM62_H,BLOSUM62_I,BLOSUM62_K,BLOSUM62_L,BLOSUM62_M,BLOSUM62_N,BLOSUM62_P,BLOSUM62_Q,BLOSUM62_R,BLOSUM62_S,BLOSUM62_T,BLOSUM62_V,BLOSUM62_W,BLOSUM62_Y
WAGAKRLVLRRE,A,-0.16666666666666666,-2.0,-2.0833333333333335,-0.75,-1.8333333333333333,-1.4166666666666667,-1.5,-1.4166666666666667,-0.08333333333333333,-0.8333333333333334,-0.6666666666666666,-1.4166666666666667,-2.0,-0.5,0.25,-0.8333333333333334,-0.9166666666666666,-1.0833333333333333,-1.5833333333333333,-1.5
MHGKTQATSGTIQS,A,-0.07142857142857142,-1.7857142857142858,-1.0714285714285714,-0.5714285714285714,-2.0,-0.6428571428571429,-0.8571428571428571,-1.6428571428571428,-0.42857142857142855,-1.5,-0.6428571428571429,-0.2857142857142857,-1.4285714285714286,0.0,-0.7142857142857143,0.5714285714285714,0.42857142857142855,-1.0714285714285714,-2.357142857142857,-1.5714285714285714
LKAHLPPSRLPS,A,-0.3333333333333333,-1.9166666666666667,-1.75,-1.0,-2.0833333333333335,-2.0,-1.0,-1.4166666666666667,-0.3333333333333333,-0.75,-0.5833333333333334,-1.1666666666666667,0.3333333333333333,-0.6666666666666666,-0.6666666666666666,-0.16666666666666666,-0.6666666666666666,-1.25,-2.9166666666666665,-1.6666666666666667
WALRRSIRRQSY,A,-0.5,-1.9166666666666667,-2.0,-0.8333333333333334,-1.4166666666666667,-1.9166666666666667,-0.8333333333333334,-1.5,-0.16666666666666666,-1.0,-0.5833333333333334,-1.0,-2.0833333333333335,0.0,0.6666666666666666,-0.3333333333333333,-0.75,-1.5,-1.25,-0.6666666666666666
TGTSVLIATPYV,A,0.0,-1.3333333333333333,-1.9166666666666667,-1.5833333333333333,-1.3333333333333333,-1.5833333333333333,-1.9166666666666667,-0.16666666666666666,-1.5,-0.5,-0.5,-1.4166666666666667,-1.0833333333333333,-1.4166666666666667,-1.8333333333333333,-0.25,0.75,0.3333333333333333,-2.25,-1.0833333333333333
EQLGVRKELRGV,A,-0.6666666666666666,-2.5,-1.4166666666666667,-0.08333333333333333,-2.1666666666666665,-1.1666666666666667,-1.4166666666666667,-1.3333333333333333,0.0,-1.0,-0.5833333333333334,-1.0,-1.8333333333333333,0.0,-0.08333333333333333,-0.8333333333333334,-1.0,-0.8333333333333334,-2.5833333333333335,-1.75
RMRMKMK,A,-1.0,-2.142857142857143,-2.142857142857143,-0.5714285714285714,-1.7142857142857142,-2.4285714285714284,-1.1428571428571428,-1.2857142857142858,1.5714285714285714,-0.2857142857142857,1.5714285714285714,-0.8571428571428571,-1.7142857142857142,0.5714285714285714,1.5714285714285714,-0.7142857142857143,-1.0,-1.0,-2.5714285714285716,-1.5714285714285714
PPPWLPYMPPWS,A,-1.25,-2.25,-2.0,-1.5833333333333333,-1.75,-2.1666666666666665,-1.6666666666666667,-2.0,-1.4166666666666667,-1.5833333333333333,-0.9166666666666666,-2.1666666666666665,2.0833333333333335,-1.0833333333333333,-2.0,-1.0833333333333333,-1.0833333333333333,-1.5833333333333333,-0.5833333333333334,-0.9166666666666666
AYSSGAPPMPPF,A,0.08333333333333333,-1.8333333333333333,-1.5,-1.25,-1.5,-0.9166666666666666,-1.4166666666666667,-1.8333333333333333,-1.1666666666666667,-1.75,-0.9166666666666666,-1.4166666666666667,1.0833333333333333,-1.0,-1.6666666666666667,0.08333333333333333,-0.75,-1.3333333333333333,-2.4166666666666665,-1.1666666666666667
TGIFKSARAMRN,A,0.0,-1.75,-1.5833333333333333,-1.0,-1.4166666666666667,-1.0,-1.25,-1.3333333333333333,-0.25,-1.1666666666666667,-0.5,-0.4166666666666667,-1.8333333333333333,-0.6666666666666666,-0.08333333333333333,0.08333333333333333,-0.25,-1.0833333333333333,-2.5,-1.5
KHKHWHW,A,-2.0,-2.7142857142857144,-1.8571428571428572,-0.5714285714285714,-1.0,-2.0,2.5714285714285716,-3.0,0.14285714285714285,-2.4285714285714284,-1.7142857142857142,-0.7142857142857143,-2.2857142857142856,-0.2857142857142857,-0.2857142857142857,-1.2857142857142858,-1.7142857142857142,-2.7142857142857144,1.4285714285714286,0.8571428571428571
TSNAVHPTLRHL,A,-0.4166666666666667,-1.75,-1.5833333333333333,-1.0,-1.75,-1.9166666666666667,-0.08333333333333333,-1.0833333333333333,-0.8333333333333334,-0.8333333333333334,-0.6666666666666666,-0.3333333333333333,-1.0833333333333333,-0.75,-0.6666666666666666,-0.16666666666666666,0.25,-0.8333333333333334,-2.6666666666666665,-1.1666666666666667
RLNPPSQMDPPF,A,-1.0833333333333333,-2.4166666666666665,-0.75,-0.6666666666666666,-2.0,-1.9166666666666667,-1.25,-1.9166666666666667,-0.6666666666666666,-1.5833333333333333,-0.6666666666666666,-0.6666666666666666,1.0,-0.25,-0.9166666666666666,-0.4166666666666667,-0.8333333333333334,-1.6666666666666667,-2.9166666666666665,-1.75
QTWPPPLWFSTS,A,-0.9166666666666666,-1.9166666666666667,-1.6666666666666667,-1.25,-1.25,-1.9166666666666667,-1.6666666666666667,-1.8333333333333333,-1.25,-1.4166666666666667,-1.0,-1.5,0.08333333333333333,-0.75,-1.6666666666666667,-0.25,0.08333333333333333,-1.5,-0.25,-1.0
GCGLFHAIAHFIHGGWHGLIHGWYG,A,-0.76,-1.68,-2.12,-1.96,-0.6,-0.16,0.0,-1.48,-2.04,-1.48,-1.28,-1.32,-2.52,-1.72,-1.84,-1.04,-1.6,-1.4,-0.76,-0.2
KHKHWHWG,A,-1.75,-2.75,-1.75,-0.75,-1.25,-1.0,2.0,-3.125,-0.125,-2.625,-1.875,-0.625,-2.25,-0.5,-0.5,-1.125,-1.75,-2.75,1.0,0.375
HHHHHHH,B,-2.0,-3.0,-1.0,0.0,-1.0,-2.0,8.0,-3.0,-1.0,-3.0,-2.0,1.0,-2.0,0.0,0.0,-1.0,-2.0,-3.0,-2.0,2.0
MHMHMHM,B,-1.4285714285714286,-1.8571428571428572,-2.142857142857143,-1.1428571428571428,-0.42857142857142855,-2.5714285714285716,2.2857142857142856,-0.7142857142857143,-1.0,-0.14285714285714285,2.0,-0.7142857142857143,-2.0,0.0,-0.5714285714285714,-1.0,-1.4285714285714286,-0.7142857142857143,-2.0,0.2857142857142857
RHRHRHR,B,-1.4285714285714286,-3.0,-1.5714285714285714,0.0,-2.142857142857143,-2.0,3.4285714285714284,-3.0,0.7142857142857143,-2.4285714285714284,-1.4285714285714286,0.42857142857142855,-2.0,0.5714285714285714,2.857142857142857,-1.0,-1.4285714285714286,-3.0,-2.5714285714285716,-0.2857142857142857
YHYHYHY,B,-2.0,-2.4285714285714284,-2.142857142857143,-1.1428571428571428,1.2857142857142858,-2.5714285714285716,4.571428571428571,-1.8571428571428572,-1.5714285714285714,-1.8571428571428572,-1.4285714285714286,-0.7142857142857143,-2.5714285714285716,-0.5714285714285714,-1.1428571428571428,-1.5714285714285714,-2.0,-1.8571428571428572,0.2857142857142857,4.857142857142857
WHWHWHW,B,-2.5714285714285716,-2.4285714285714284,-2.7142857142857144,-1.7142857142857142,0.14285714285714285,-2.0,2.2857142857142856,-3.0,-2.142857142857143,-2.4285714285714284,-2.0,-1.8571428571428572,-3.142857142857143,-1.1428571428571428,-1.7142857142857142,-2.142857142857143,-2.0,-3.0,5.428571428571429,2.0
KHKHKHK,B,-1.4285714285714286,-3.0,-1.0,0.5714285714285714,-2.142857142857143,-2.0,2.857142857142857,-3.0,2.4285714285714284,-2.4285714285714284,-1.4285714285714286,0.42857142857142855,-1.4285714285714286,0.5714285714285714,1.1428571428571428,-0.42857142857142855,-1.4285714285714286,-2.4285714285714284,-2.5714285714285716,-0.2857142857142857
AHAHAHA,B,1.4285714285714286,-1.2857142857142858,-1.5714285714285714,-0.5714285714285714,-1.5714285714285714,-0.8571428571428571,2.2857142857142856,-1.8571428571428572,-1.0,-1.8571428571428572,-1.4285714285714286,-0.7142857142857143,-1.4285714285714286,-0.5714285714285714,-0.5714285714285714,0.14285714285714285,-0.8571428571428571,-1.2857142857142858,-2.5714285714285716,-0.2857142857142857
GHGHGHG,B,-0.8571428571428571,-3.0,-1.0,-1.1428571428571428,-2.142857142857143,2.5714285714285716,2.2857142857142856,-3.5714285714285716,-1.5714285714285714,-3.5714285714285716,-2.5714285714285716,0.42857142857142855,-2.0,-1.1428571428571428,-1.1428571428571428,-0.42857142857142855,-2.0,-3.0,-2.0,-0.8571428571428571
QHQHQHQ,B,-1.4285714285714286,-3.0,-0.42857142857142855,1.1428571428571428,-2.142857142857143,-2.0,3.4285714285714284,-3.0,0.14285714285714285,-2.4285714285714284,-0.8571428571428571,0.42857142857142855,-1.4285714285714286,2.857142857142857,0.5714285714285714,-0.42857142857142855,-1.4285714285714286,-2.4285714285714284,-2.0,0.2857142857142857
IHIHIHI,B,-1.4285714285714286,-1.8571428571428572,-2.142857142857143,-1.7142857142857142,-0.42857142857142855,-3.142857142857143,1.7142857142857142,1.0,-2.142857142857143,-0.14285714285714285,-0.2857142857142857,-1.2857142857142858,-2.5714285714285716,-1.7142857142857142,-1.7142857142857142,-1.5714285714285714,-1.4285714285714286,0.42857142857142855,-2.5714285714285716,0.2857142857142857
NHNHNHN,B,-2.0,-3.0,0.14285714285714285,0.0,-2.142857142857143,-0.8571428571428571,4.0,-3.0,-0.42857142857142855,-3.0,-2.0,3.857142857142857,-2.0,0.0,0.0,0.14285714285714285,-0.8571428571428571,-3.0,-3.142857142857143,-0.2857142857142857
VHVHVHV,B,-0.8571428571428571,-1.8571428571428572,-2.142857142857143,-1.1428571428571428,-1.0,-2.5714285714285716,1.7142857142857142,0.42857142857142855,-1.5714285714285714,-0.7142857142857143,-0.2857142857142857,-1.2857142857142858,-2.0,-1.1428571428571428,-1.7142857142857142,-1.5714285714285714,-0.8571428571428571,1.0,-2.5714285714285716,0.2857142857142857
SHSHSHS,B,-0.2857142857142857,-1.8571428571428572,-0.42857142857142855,0.0,-1.5714285714285714,-0.8571428571428571,2.857142857142857,-2.4285714285714284,-0.42857142857142855,-2.4285714285714284,-1.4285714285714286,1.0,-1.4285714285714286,0.0,-0.5714285714285714,1.8571428571428572,-0.2857142857142857,-2.4285714285714284,-2.5714285714285716,-0.2857142857142857
THTHTHT,B,-0.8571428571428571,-1.8571428571428572,-1.0,-0.5714285714285714,-1.5714285714285714,-2.0,2.2857142857142856,-1.8571428571428572,-1.0,-1.8571428571428572,-1.4285714285714286,0.42857142857142855,-1.4285714285714286,-0.5714285714285714,-0.5714285714285714,0.14285714285714285,2.0,-1.2857142857142858,-2.0,-0.2857142857142857
EHEHEHE,B,-1.4285714285714286,-3.5714285714285716,0.7142857142857143,2.857142857142857,-2.142857142857143,-2.0,3.4285714285714284,-3.0,0.14285714285714285,-3.0,-2.0,0.42857142857142855,-1.4285714285714286,1.1428571428571428,0.0,-0.42857142857142855,-1.4285714285714286,-2.4285714285714284,-2.5714285714285716,-0.2857142857142857
DHDHDHD,B,-2.0,-3.0,3.0,1.1428571428571428,-2.142857142857143,-1.4285714285714286,2.857142857142857,-3.0,-1.0,-3.5714285714285716,-2.5714285714285716,1.0,-1.4285714285714286,0.0,-1.1428571428571428,-0.42857142857142855,-1.4285714285714286,-3.0,-3.142857142857143,-0.8571428571428571
LHLHLHL,B,-1.4285714285714286,-1.8571428571428572,-2.7142857142857144,-1.7142857142857142,-0.42857142857142855,-3.142857142857143,1.7142857142857142,-0.14285714285714285,-1.5714285714285714,1.0,0.2857142857142857,-1.2857142857142858,-2.5714285714285716,-1.1428571428571428,-1.1428571428571428,-1.5714285714285714,-1.4285714285714286,-0.7142857142857143,-2.0,0.2857142857142857
FHFHFHF,B,-2.0,-2.4285714285714284,-2.142857142857143,-1.7142857142857142,3.0,-2.5714285714285716,2.857142857142857,-1.2857142857142858,-2.142857142857143,-1.2857142857142858,-0.8571428571428571,-1.2857142857142858,-3.142857142857143,-1.7142857142857142,-1.7142857142857142,-1.5714285714285714,-2.0,-1.8571428571428572,-0.2857142857142857,2.5714285714285716
PHPHPHP,B,-1.4285714285714286,-3.0,-1.0,-0.5714285714285714,-2.7142857142857144,-2.0,2.2857142857142856,-3.0,-1.0,-3.0,-2.0,-0.7142857142857143,3.142857142857143,-0.5714285714285714,-1.1428571428571428,-1.0,-1.4285714285714286,-2.4285714285714284,-3.142857142857143,-0.8571428571428571
MEGQYKSNLLFT,B,-0.9166666666666666,-2.0833333333333335,-1.4166666666666667,-0.6666666666666666,-0.8333333333333334,-1.5833333333333333,-1.0,-1.25,-0.5,-0.6666666666666666,-0.16666666666666666,-0.5,-2.0,-0.25,-0.9166666666666666,-0.25,-0.5,-1.0833333333333333,-1.8333333333333333,-0.5833333333333334
VAPRVQNLHFGA,B,-0.16666666666666666,-1.9166666666666667,-1.75,-1.0833333333333333,-1.4166666666666667,-1.25,-0.75,-1.0833333333333333,-1.0,-1.0833333333333333,-0.6666666666666666,-0.9166666666666666,-1.25,-0.6666666666666666,-0.9166666666666666,-0.6666666666666666,-0.8333333333333334,-0.6666666666666666,-2.5,-1.0833333333333333
