Sequence,Class,A,C,D,E,F,G,H,I,K,L,M,N,P,Q,R,S,T,V,W,Y
WAGAKRLVLRRE,A,0.1666666666666666,0.0,0.0,0.0833333333333333,0.0,0.0833333333333333,0.0,0.0,0.0833333333333333,0.1666666666666666,0.0,0.0,0.0,0.0,0.25,0.0,0.0,0.0833333333333333,0.0833333333333333,0.0
MHGKTQATSGTIQS,A,0.0714285714285714,0.0,0.0,0.0,0.0,0.1428571428571428,0.0714285714285714,0.0714285714285714,0.0714285714285714,0.0,0.0714285714285714,0.0,0.0,0.1428571428571428,0.0,0.1428571428571428,0.2142857142857142,0.0,0.0,0.0
LKAHLPPSRLPS,A,0.0833333333333333,0.0,0.0,0.0,0.0,0.0,0.0833333333333333,0.0,0.0833333333333333,0.25,0.0,0.0,0.25,0.0,0.0833333333333333,0.1666666666666666,0.0,0.0,0.0,0.0
WALRRSIRRQSY,A,0.0833333333333333,0.0,0.0,0.0,0.0,0.0,0.0,0.0833333333333333,0.0,0.0833333333333333,0.0,0.0,0.0,0.0833333333333333,0.3333333333333333,0.1666666666666666,0.0,0.0,0.0833333333333333,0.0833333333333333
TGTSVLIATPYV,A,0.0833333333333333,0.0,0.0,0.0,0.0,0.0833333333333333,0.0,0.0833333333333333,0.0,0.0833333333333333,0.0,0.0,0.0833333333333333,0.0,0.0,0.0833333333333333,0.25,0.1666666666666666,0.0,0.0833333333333333
EQLGVRKELRGV,A,0.0,0.0,0.0,0.1666666666666666,0.0,0.1666666666666666,0.0,0.0,0.0833333333333333,0.1666666666666666,0.0,0.0,0.0,0.0833333333333333,0.1666666666666666,0.0,0.0,0.1666666666666666,0.0,0.0
RMRMKMK,A,0.0,0.0,0.0,0.0,0.0,0.0,0.0,0.0,0.2857142857142857,0.0,0.4285714285714285,0.0,0.0,0.0,0.2857142857142857,0.0,0.0,0.0,0.0,0.0
PPPWLPYMPPWS,A,0.0,0.0,0.0,0.0,0.0,0.0,0.0,0.0,0.0,0.0833333333333333,0.0833333333333333,0.0,0.5,0.0,0.0,0.0833333333333333,0.0,0.0,0.1666666666666666,0.0833333333333333
AYSSGAPPMPPF,A,0.1666666666666666,0.0,0.0,0.0,0.0833333333333333,0.0833333333333333,0.0,0.0,0.0,0.0,0.0833333333333333,0.0,0.3333333333333333,0.0,0.0,0.1666666666666666,0.0,0.0,0.0,0.0833333333333333
TGIFKSARAMRN,A,0.1666666666666666,0.0,0.0,0.0,0.0833333333333333,0.0833333333333333,0.0,0.0833333333333333,0.0833333333333333,0.0,0.0833333333333333,0.0833333333333333,0.0,0.0,0.1666666666666666,0.0833333333333333,0.0833333333333333,0.0,0.0,0.0
KHKHWHW,A,0.0,0.0,0.0,0.0,0.0,0.0,0.4285714285714285,0.0,0.2857142857142857,0.0,0.0,0.0,0.0,0.0,0.0,0.0,0.0,0.0,0.2857142857142857,0.0
TSNAVHPTLRHL,A,0.0833333333333333,0.0,0.0,0.0,0.0,0.0,0.1666666666666666,0.0,0.0,0.1666666666666666,0.0,0.0833333333333333,0.0833333333333333,0.0,0.0833333333333333,0.0833333333333333,0.1666666666666666,0.0833333333333333,0.0,0.0
RLNPPSQMDPPF,A,0.0,0.0,0.0833333333333333,0.0,0.0833333333333333,0.0,0.0,0.0,0.0,0.0833333333333333,0.0833333333333333,0.0833333333333333,0.3333333333333333,0.0833333333333333,0.0833333333333333,0.0833333333333333,0.0,0.0,0.0,0.0
QTWPPPLWFSTS,A,0.0,0.0,0.0,0.0,0.0833333333333333,0.0,0.0,0.0,0.0,0.0833333333333333,0.0,0.0,0.25,0.0833333333333333,0.0,0.1666666666666666,0.1666666666666666,0.0,0.1666666666666666,0.0
GCGLFHAIAHFIHGGWHGLIHGWYG,A,0.08,0.04,0.0,0.0,0.08,0.28,0.2,0.12,0.0,0.08,0.0,0.0,0.0,0.0,0.0,0.0,0.0,0.0,0.08,0.04
KHKHWHWG,A,0.0,0.0,0.0,0.0,0.0,0.125,0.375,0.0,0.25,0.0,0.0,0.0,0.0,0.0,0.0,0.0,0.0,0.0,0.25,0.0
HHHHHHH,B,0.0,0.0,0.0,0.0,0.0,0.0,1.0,0.0,0.0,0.0,0.0,0.0,0.0,0.0,0.0,0.0,0.0,0.0,0.0,0.0
MHMHMHM,B,0.0,0.0,0.0,0.0,0.0,0.0,0.4285714285714285,0.0,0.0,0.0,0.5714285714285714,0.0,0.0,0.0,0.0,0.0,0.0,0.0,0.0,0.0
RHRHRHR,B,0.0,0.0,0.0,0.0,0.0,0.0,0.4285714285714285,0.0,0.0,0.0,0.0,0.0,0.0,0.0,0.5714285714285714,0.0,0.0,0.0,0.0,0.0
YHYHYHY,B,0.0,0.0,0.0,0.0,0.0,0.0,0.4285714285714285,0.0,0.0,0.0,0.0,0.0,0.0,0.0,0.0,0.0,0.0,0.0,0.0,0.5714285714285714
WHWHWHW,B,0.0,0.0,0.0,0.0,0.0,0.0,0.4285714285714285,0.0,0.0,0.0,0.0,0.0,0.0,0.0,0.0,0.0,0.0,0.0,0.5714285714285714,0.0
KHKHKHK,B,0.0,0.0,0.0,0.0,0.0,0.0,0.4285714285714285,0.0,0.5714285714285714,0.0,0.0,0.0,0.0,0.0,0.0,0.0,0.0,0.0,0.0,0.0
AHAHAHA,B,0.5714285714285714,0.0,0.0,0.0,0.0,0.0,0.4285714285714285,0.0,0.0,0.0,0.0,0.0,0.0,0.0,0.0,0.0,0.0,0.0,0.0,0.0
GHGHGHG,B,0.0,0.0,0.0,0.0,0.0,0.5714285714285714,0.4285714285714285,0.0,0.0,0.0,0.0,0.0,0.0,0.0,0.0,0.0,0.0,0.0,0.0,0.0
QHQHQHQ,B,0.0,0.0,0.0,0.0,0.0,0.0,0.4285714285714285,0.0,0.0,0.0,0.0,0.0,0.0,0.5714285714285714,0.0,0.0,0.0,0.0,0.0,0.0
IHIHIHI,B,0.0,0.0,0.0,0.0,0.0,0.0,0.4285714285714285,0.5714285714285714,0.0,0.0,0.0,0.0,0.0,0.0,0.0,0.0,0.0,0.0,0.0,0.0
NHNHNHN,B,0.0,0.0,0.0,0.0,0.0,0.0,0.4285714285714285,0.0,0.0,0.0,0.0,0.5714285714285714,0.0,0.0,0.0,0.0,0.0,0.0,0.0,0.0
VHVHVHV,B,0.0,0.0,0.0,0.0,0.0,0.0,0.4285714285714285,0.0,0.0,0.0,0.0,0.0,0.0,0.0,0.0,0.0,0.0,0.5714285714285714,0.0,0.0
SHSHSHS,B,0.0,0.0,0.0,0.0,0.0,0.0,0.4285714285714285,0.0,0.0,0.0,0.0,0.0,0.0,0.0,0.0,0.5714285714285714,0.0,0.0,0.0,0.0
THTHTHT,B,0.0,0.0,0.0,0.0,0.0,0.0,0.4285714285714285,0.0,0.0,0.0,0.0,0.0,0.0,0.0,0.0,0.0,0.5714285714285714,0.0,0.0,0.0
EHEHEHE,B,0.0,0.0,0.0,0.5714285714285714,0.0,0.0,0.4285714285714285,0.0,0.0,0.0,0.0,0.0,0.0,0.0,0.0,0.0,0.0,0.0,0.0,0.0
DHDHDHD,B,0.0,0.0,0.5714285714285714,0.0,0.0,0.0,0.4285714285714285,0.0,0.0,0.0,0.0,0.0,0.0,0.0,0.0,0.0,0.0,0.0,0.0,0.0
LHLHLHL,B,0.0,0.0,0.0,0.0,0.0,0.0,0.4285714285714285,0.0,0.0,0.5714285714285714,0.0,0.0,0.0,0.0,0.0,0.0,0.0,0.0,0.0,0.0
FHFHFHF,B,0.0,0.0,0.0,0.0,0.5714285714285714,0.0,0.4285714285714285,0.0,0.0,0.0,0.0,0.0,0.0,0.0,0.0,0.0,0.0,0.0,0.0,0.0
PHPHPHP,B,0.0,0.0,0.0,0.0,0.0,0.0,0.4285714285714285,0.0,0.0,0.0,0.0,0.0,0.5714285714285714,0.0,0.0,0.0,0.0,0.0,0.0,0.0
MEGQYKSNLLFT,B,0.0,0.0,0.0,0.0833333333333333,0.0833333333333333,0.0833333333333333,0.0,0.0,0.0833333333333333,0.1666666666666666,0.0833333333333333,0.0833333333333333,0.0,0.0833333333333333,0.0,0.0833333333333333,0.0833333333333333,0.0,0.0,0.0833333333333333
VAPRVQNLHFGA,B,0.1666666666666666,0.0,0.0,0.0,0.0833333333333333,0.0833333333333333,0.0833333333333333,0.0,0.0,0.0833333333333333,0.0,0.0833333333333333,0.0833333333333333,0.0833333333333333,0.0833333333333333,0.0,0.0,0.1666666666666666,0.0,0.0
