Sequence,Class,KF1,KF2,KF3,KF4,KF5,KF6,KF7,KF8,KF9,KF10
WAGAKRLVLRRE,A,0.04833333333333334,0.26333333333333336,-0.3333333333333333,0.05500000000000002,0.04333333333333331,-0.2233333333333333,-0.1491666666666667,-0.13333333333333333,0.1125,-0.19666666666666663
MHGKTQATSGTIQS,A,-0.4107142857142857,0.09928571428571427,0.4635714285714286,0.48214285714285715,-0.2785714285714286,-0.023571428571428577,0.017857142857142853,-0.004285714285714286,-0.026428571428571423,-0.021428571428571432
LKAHLPPSRLPS,A,-0.1633333333333333,0.08666666666666663,0.0708333333333333,0.21916666666666665,-0.15916666666666665,-0.020833333333333332,-0.028333333333333332,-0.06416666666666665,-0.012499999999999999,-0.11666666666666668
WALRRSIRRQSY,A,0.3933333333333333,0.4866666666666666,-0.060833333333333385,0.1575,0.17583333333333337,-0.10666666666666665,-0.0625,-0.12749999999999997,0.02333333333333334,-0.10749999999999998
TGTSVLIATPYV,A,-0.052500000000000026,-0.13999999999999999,-0.04333333333333334,0.17750000000000002,0.0016666666666666958,-0.016666666666666673,-0.020833333333333332,-0.06583333333333334,0.030833333333333334,-0.11333333333333334
EQLGVRKELRGV,A,-0.0024999999999999836,0.5216666666666666,-0.020833333333333332,0.1508333333333333,-0.037500000000000006,-0.12833333333333333,-0.16500000000000004,-0.08499999999999998,0.0008333333333333279,-0.075
RMRMKMK,A,0.5342857142857144,0.9157142857142857,0.04142857142857142,0.07428571428571429,-0.014285714285714287,-0.1542857142857143,-0.10142857142857145,-0.08571428571428572,0.1742857142857143,-0.15714285714285717
PPPWLPYMPPWS,A,-0.43416666666666665,-0.004999999999999986,0.1958333333333333,0.42250000000000004,0.2125,0.10333333333333335,0.23333333333333336,-0.08916666666666666,0.07666666666666666,-0.0825
AYSSGAPPMPPF,A,-0.8424999999999999,-0.20333333333333337,0.29,0.4058333333333333,-0.2541666666666667,-0.05916666666666668,0.11333333333333333,-0.03916666666666666,0.0525,-0.08583333333333336
TGIFKSARAMRN,A,-0.09666666666666672,0.23416666666666666,0.045000000000000005,0.24750000000000003,-0.14833333333333332,-0.14833333333333334,-0.06833333333333334,-0.065,0.06416666666666668,-0.12416666666666669
KHKHWHW,A,0.06571428571428574,0.025714285714285655,0.25428571428571434,0.5971428571428571,0.5271428571428571,0.044285714285714275,0.32,-0.25142857142857145,0.22428571428571425,-0.1285714285714286
TSNAVHPTLRHL,A,0.12333333333333335,-0.01833333333333335,0.09583333333333331,0.23583333333333334,-0.05166666666666667,0.007499999999999996,0.027500000000000007,-0.0625,-0.06166666666666667,-0.085
RLNPPSQMDPPF,A,-0.125,0.4283333333333333,0.4141666666666666,0.3733333333333333,-0.03833333333333331,0.04666666666666666,0.09499999999999999,-0.011666666666666664,-0.125,0.01833333333333333
QTWPPPLWFSTS,A,-0.12666666666666668,0.10416666666666667,0.34416666666666657,0.51,0.2783333333333333,0.11250000000000003,0.20583333333333328,-0.0775,0.011666666666666667,-0.025000000000000005
GCGLFHAIAHFIHGGWHGLIHGWYG,A,-0.26960000000000006,-0.2648,-0.0176,0.36599999999999994,0.09960000000000002,0.006399999999999997,0.12,-0.15200000000000002,0.11759999999999997,-0.11319999999999998
KHKHWHWG,A,-0.23875,0.032499999999999946,0.30625,0.65875,0.33875,0.042499999999999996,0.27,-0.21125,0.21499999999999997,-0.11000000000000001
HHHHHHH,B,0.02,-0.66,0.6799999999999999,0.64,0.049999999999999996,0.21,0.52,-0.19999999999999998,-0.08999999999999998,-0.04
MHMHMHM,B,0.6485714285714287,-0.12857142857142856,0.06857142857142859,0.10285714285714286,0.06714285714285714,0.07857142857142856,0.34285714285714286,-0.12000000000000001,0.007142857142857145,-0.09714285714285716
RHRHRHR,B,0.4657142857142858,0.6485714285714285,0.3657142857142857,0.35428571428571437,0.05571428571428571,-0.024285714285714296,0.034285714285714294,-0.13714285714285715,-0.015714285714285712,-0.10285714285714286
YHYHYHY,B,-0.03142857142857143,-0.45428571428571424,0.3085714285714286,0.4742857142857143,0.6328571428571429,0.004285714285714286,0.4,-0.29714285714285715,0.19,-0.04
WHWHWHW,B,0.4714285714285715,-0.33428571428571424,-0.1257142857142857,0.5942857142857143,1.1642857142857141,0.1757142857142857,0.6114285714285714,-0.3485714285714286,0.22999999999999998,-0.13142857142857145
KHKHKHK,B,-0.33999999999999997,0.3857142857142856,0.6342857142857143,0.6,-0.11,-0.08714285714285716,0.028571428571428574,-0.1542857142857143,0.21857142857142858,-0.12571428571428572
AHAHAHA,B,-0.8828571428571431,-1.237142857142857,-0.26285714285714284,0.11999999999999998,-0.51,-0.35571428571428576,0.10857142857142857,-0.13142857142857142,0.08142857142857142,-0.2914285714285714
GHGHGHG,B,-1.3457142857142859,-0.23714285714285716,0.6742857142857143,0.8971428571428571,-0.5385714285714286,0.10714285714285714,0.17714285714285713,-0.045714285714285714,0.047142857142857146,-0.005714285714285713
QHQHQHQ,B,-0.04857142857142858,0.05428571428571426,0.7542857142857144,0.56,-0.12714285714285714,0.08428571428571428,0.26857142857142857,-0.06285714285714286,-0.24428571428571427,0.09142857142857143
IHIHIHI,B,0.9457142857142856,-0.3285714285714286,-0.4685714285714285,-0.08571428571428572,0.3071428571428572,0.1242857142857143,0.1142857142857143,-0.21714285714285714,-0.032857142857142856,-0.2
NHNHNHN,B,0.037142857142857144,0.23142857142857146,0.72,0.6914285714285714,-0.1442857142857143,0.1357142857142857,0.24571428571428575,-0.02285714285714286,-0.2671428571428572,0.13714285714285715
VHVHVHV,B,0.7857142857142857,-0.31714285714285717,-0.3028571428571428,-0.10285714285714287,0.22714285714285717,0.10714285714285714,0.14857142857142858,-0.19428571428571426,-0.04428571428571428,-0.14857142857142858
SHSHSHS,B,-0.20857142857142857,-0.008571428571428594,0.9485714285714286,0.6742857142857143,-0.25857142857142856,0.14714285714285716,0.25142857142857145,-0.045714285714285714,-0.20428571428571426,0.10285714285714286
THTHTHT,B,-0.11714285714285713,-0.2714285714285714,0.7942857142857143,0.6857142857142857,0.038571428571428576,0.1414285714285714,0.25142857142857145,-0.034285714285714294,-0.04428571428571428,-0.011428571428571429
EHEHEHE,B,-0.5685714285714286,0.11142857142857139,0.7314285714285715,0.49142857142857144,0.08428571428571428,-0.20714285714285716,0.15999999999999998,-0.1142857142857143,-0.14714285714285716,0.08
DHDHDHD,B,0.21428571428571427,0.557142857142857,0.9028571428571429,0.5142857142857143,0.2214285714285714,-0.04142857142857143,0.26857142857142857,-0.034285714285714294,-0.4385714285714285,0.22857142857142856
LHLHLHL,B,0.9000000000000001,-0.33428571428571424,-0.48571428571428565,-0.05714285714285711,0.29000000000000004,0.11857142857142858,0.10285714285714288,-0.2057142857142857,-0.055714285714285716,-0.16571428571428573
FHFHFHF,B,0.6542857142857142,-0.2542857142857143,0.22857142857142856,0.4742857142857143,0.7871428571428571,0.1757142857142857,0.5085714285714286,-0.29714285714285715,0.12142857142857146,-0.06857142857142857
PHPHPHP,B,-0.8542857142857143,-0.3057142857142857,0.7085714285714287,0.6342857142857143,-0.22428571428571425,0.18142857142857144,0.3257142857142857,-0.045714285714285714,-0.055714285714285716,-0.05142857142857143
MEGQYKSNLLFT,B,0.05500000000000003,0.31416666666666665,0.20333333333333334,0.32749999999999996,0.11,-0.03833333333333333,0.024166666666666666,-0.08416666666666667,0.004166666666666671,-0.009166666666666668
VAPRVQNLHFGA,B,-0.06833333333333332,-0.08333333333333336,-0.14333333333333334,0.1366666666666667,-0.09833333333333331,-0.08583333333333333,0.003333333333333318,-0.09333333333333332,-0.003333333333333334,-0.12833333333333335
