Sequence,Class,0,1,2,3,4,5,6,7,8,9,10,11,12,13,14,15,16,17,18,19,20,21,22,23,24,25,26,27,28,29,30,31,32,33,34,35,36,37,38,39,40,41,42,43,44,45,46,47,48,49,50,51,52,53,54,55,56,57,58,59,60,61,62,63,64,65,66,67,68,69,70,71,72,73,74,75,76,77,78,79,80,81,82,83,84,85,86,87,88,89,90,91,92,93,94,95,96,97,98,99,100,101,102,103,104,105,106,107,108,109,110,111,112,113,114,115,116,117,118,119,120,121,122,123,124,125,126,127,128,129,130,131,132,133,134,135,136,137,138,139,140,141,142,143,144,145,146,147,148,149,150,151,152,153,154,155,156,157,158,159
WAGAKRLVLRRE,A,0.1670004,0.4757085,0.2640738,-0.10915331,-0.1675967,0.24987519,-0.32294354,0.15394478,-1.4672166,-1.1211723,-0.33703586,-0.043308962,-1.0652014,-0.09556066,-0.92078066,0.051923517,0.12358501,0.86873025,0.22551358,-0.027825141,0.29437232,-2.7536461,-0.5969401,-0.59816575,-0.4433234,-0.23128487,-0.46707913,0.012035343,-0.1989458,-0.1321009,4.988838,-0.08167756,-0.12387913,-0.092004925,0.32629994,0.28474748,-0.17584175,-0.21639545,0.4718232,-0.046732474,-0.0050562494,-0.01416197,0.0045928364,0.14717853,0.040370774,1.3932818,-0.009987589,-0.46199098,-0.068579786,-0.36674154,0.65756494,-0.37519327,-0.094341904,0.63546616,0.11899817,1.4154434,0.0062226667,0.45793796,-0.29390192,-0.08458158,0.5791535,-0.48796272,-0.1841082,-0.00951457,0.17843728,-0.98303986,-0.4933006,0.2386021,0.0067912345,0.16345665,-0.2863221,-0.43666986,1.2708881,-0.35807744,-0.48461387,0.1853373,-0.015593819,0.3600978,0.15670379,-0.35666633,-0.9396855,-1.6013652,1.3251384,0.1357211,2.0851476,3.3693793,0.0016285417,0.17427969,-0.5097012,-0.040395055,-0.49328074,1.8683728,-0.86745167,0.24989216,0.31208047,0.15717265,-0.60507095,0.025904015,-0.035766385,-0.14798237,-0.13101278,-0.4573858,0.3720024,-0.11606872,1.1174675,-0.019064823,-0.94489115,-2.2766354,0.039971065,-0.095507205,1.7224922,0.15391858,0.099696904,0.34862113,0.35396016,0.24159414,0.012241249,0.19941807,0.28970322,2.5226433,0.4261111,-0.029412044,-0.12973644,-0.12337261,-0.8967828,1.5704602,-0.35254666,-0.10772413,-1.5419484,-0.18173455,0.13684382,-0.2760594,0.32876107,0.031148655,-0.062130015,-0.46843424,2.929182,-0.58576745,0.29631007,-1.67533,0.65055084,0.012410332,-0.13022462,-0.22798944,0.030093769,0.41883072,-2.797491,-1.5289766,0.4316958,-0.19113897,-0.12944882,-0.13632682,-0.17408876,0.1671474,-0.15394206,-1.8996156,0.06362465,0.16707297,-0.025602696,-0.81431746
MHGKTQATSGTIQS,A,0.011160738,0.46840766,0.10691784,-0.002718325,-0.08941095,0.16144824,-0.18153587,0.36948785,-1.0031291,-1.3936805,-0.15010777,0.08415229,-0.6772767,0.05267126,-0.8863797,0.06977197,-0.15538569,1.0348421,0.14363584,-0.036421683,0.0047650347,-2.976393,-0.60696155,-0.48032552,-0.43385434,0.018304821,-0.46962517,0.06368809,-0.21343748,-0.43265805,4.4970155,-0.4105834,-0.2649503,-0.014187102,0.26230052,0.39849392,-0.24393177,-0.16884239,0.07352454,-0.25805572,-0.13780549,0.015963828,-0.16497493,-0.13730694,-0.02863892,1.6795567,0.2655157,-0.76301104,-0.041061502,-0.45770678,0.8324954,-0.35881168,0.1358039,0.42559072,0.029972123,1.3256361,-0.041111726,0.5782036,-0.14379777,0.1049404,0.55962247,-0.53329045,0.06823351,-0.043633346,0.065950096,-1.0074757,-0.59868526,0.13373362,-0.09851169,-0.095339365,-0.41370034,-0.16482125,1.4201629,-0.02841018,-0.33107394,0.19302456,-0.38977554,0.0703433,0.20230965,-0.16763833,-0.8732262,-1.7132561,1.4828157,-0.0028973308,2.220859,3.4508388,-0.21734382,0.10686886,-0.18575071,-0.08540166,-0.59655917,1.5941823,-0.47362423,0.07555764,0.101632215,0.29141918,-0.61008036,-0.023202378,-0.1431485,-0.10588134,0.12176005,-0.31126943,0.42739782,-0.13950588,1.0488158,0.13803674,-0.8833297,-2.5460975,0.11985583,-0.4728158,1.8150562,0.27294207,0.31411543,0.25160548,0.5647218,0.10586432,0.042870242,0.23086925,0.17741373,2.339156,0.3464262,-0.06922455,0.018095251,-0.048755225,-0.60941654,1.4236172,-0.06230743,-0.087781206,-1.4400499,-0.30815268,0.095193684,0.19883013,0.5231465,0.06316633,-0.08698028,-0.66420156,2.8428402,-0.777252,0.2917626,-1.7862574,0.7099114,0.2251234,0.037893232,-0.05600651,-0.13939683,0.7136479,-2.9036276,-1.5471146,0.2332621,0.06582608,-0.14228803,0.079521105,-0.16547278,0.1962206,-0.08943144,-2.1435425,-0.047550548,-0.05004275,-0.0176563,-0.74333984
LKAHLPPSRLPS,A,0.20904016,0.22469698,0.65872246,-0.060674787,-0.106742196,-0.13322116,0.24790005,-0.023179911,-1.6076986,-0.7496002,-0.2515106,0.49989152,-0.646045,-0.49051902,-0.26914644,0.6526796,-0.28774855,0.6589863,0.2519855,0.38491306,0.11546288,-2.386137,-0.8135805,-0.37484947,-0.48926744,0.17206734,0.25784406,0.28815463,-0.03210321,-0.3083245,3.9196234,-0.7202094,-0.4589428,-0.21335666,0.7561224,0.5936563,-0.8853166,0.22669168,0.5966931,0.028081954,0.03757065,0.049187448,-0.59476256,-0.3611757,-0.2233836,1.3897905,0.11899639,-0.65509653,-0.040417556,-0.44216332,0.69035125,-0.27071357,0.41219258,0.5859823,-0.43602094,1.6576368,-0.63840634,0.93740207,-0.112312816,-0.021067448,0.5499079,-0.9269259,-0.049244944,0.08323411,-0.21253501,-0.8552332,-0.5897854,0.51128507,-0.52512866,0.49942386,-0.3032511,-0.34041867,0.9550784,-0.31306478,-0.53623277,0.52934784,-0.034988124,0.49283996,0.14697157,-0.47616944,-0.83446187,-1.4186535,1.2899423,0.25179997,1.7304025,2.798082,0.0051202155,0.07677575,-0.62521714,-0.095712416,-0.6302608,1.5327802,-0.23019111,0.26472217,0.53437716,0.6521786,-0.62131363,-0.3478605,-0.22192653,-0.590829,0.11973577,-0.2267375,-0.00686235,0.15034191,1.1736588,0.31141058,-0.5883172,-2.0420973,0.09176221,-0.52810806,1.8962698,0.36557555,0.20552945,-0.27546275,0.3036228,0.08398181,0.082639925,-0.087543465,-0.17124967,2.4226093,0.20248519,0.21682636,0.14463834,-0.07477087,-0.01104473,1.226838,-0.06555197,-0.30494046,-1.813212,0.37697974,0.34812698,0.059760068,0.2706941,-0.71595615,-0.31477216,-0.32150197,2.1619804,-0.4447823,0.26399875,-1.2581743,0.70887977,0.7336385,-0.22129889,-0.4811616,-0.3984284,0.5374235,-2.2933128,-1.7877337,0.008687128,0.0009285162,-0.16803269,-0.3752768,0.0042725466,-0.22426583,0.012359999,-1.6513485,-0.17963697,0.42955732,-0.091680765,-1.0592346
WALRRSIRRQSY,A,0.015450922,0.3755544,0.38227257,-0.17395884,-0.20857173,0.14155163,-0.25950155,0.33464637,-1.2799375,-1.2265908,-0.29640505,0.12922993,-0.8854448,-0.090244055,-0.8874564,0.15066238,-0.16969721,1.1482184,0.27663693,0.032398533,0.19584483,-2.8741553,-0.64446706,-0.64272135,-0.53649324,-0.28835097,-0.45862937,-0.017642781,-0.30040765,-0.12104756,4.7011724,-0.28167397,-0.18609363,-0.17853795,0.2432056,0.58497757,-0.20476477,-0.016567068,0.2823953,-0.1220324,-0.09005955,-0.101996295,-0.05290149,0.0021102056,-0.03410718,1.509941,0.07171621,-0.567041,-0.1872344,-0.51997286,0.5858621,-0.48899224,0.18801554,0.46946168,-0.037992667,1.579585,-0.030157177,0.62884897,-0.14411213,0.2021852,0.65600437,-0.49454284,-0.06450203,-0.14845933,0.062831305,-0.86285096,-0.46206418,0.34384307,-0.021253197,0.10864842,-0.43991867,-0.17364,1.1992103,-0.028504713,-0.41264614,0.13038608,-0.33312234,0.32049558,0.05440699,-0.32712743,-0.83849835,-1.5063564,1.3211287,0.1619542,2.3438187,3.435937,-0.080817424,0.3054161,-0.57761127,-0.14756168,-0.626493,1.9008943,-0.69607496,0.31128946,0.2125386,0.21168159,-0.53299564,-0.058666717,-0.064977504,-0.12585287,-0.07204985,-0.4363102,0.15672381,0.017999265,1.0111868,0.1842181,-0.88820785,-2.3443396,0.10352379,-0.08985797,1.763842,0.213915,0.31584606,0.07146936,0.5699353,0.08329902,-0.0983609,0.16407068,0.21850656,2.5267584,0.27189693,-0.005257444,-0.1168415,-0.10152962,-0.75314385,1.4240016,-0.12114438,-0.13644561,-1.6598768,-0.16139436,0.22564399,-0.31110993,0.2913754,0.014497302,-0.03865778,-0.59953874,2.8132684,-0.5735427,0.24334069,-1.6700134,0.824392,0.25762755,0.034193587,-0.22566806,-0.23617949,0.53962356,-2.6856124,-1.601358,0.2823384,-0.045548122,-0.027305072,-0.031021647,-0.16365004,0.13019478,0.013491209,-2.081502,-0.098808,0.030951606,0.04122187,-0.9080153
TGTSVLIATPYV,A,-0.06819268,0.3320152,0.40907332,-0.18075754,-0.075052254,0.095851,-0.18397546,0.0077482327,-1.3152263,-1.2391995,-0.21489067,-0.023650585,-1.037919,-0.010000251,-0.77054554,0.15251766,-0.075805224,0.97302485,0.14097361,-0.023709094,0.08907124,-2.98785,-0.63999933,-0.57924515,-0.38652602,-0.079711966,-0.3430139,0.029084856,-0.15570734,-0.26988056,4.8021007,-0.28067157,-0.13061023,-0.057252493,0.30907172,0.5081839,-0.07530586,-0.23108052,0.1423201,-0.21267988,-0.15749986,-0.014644516,-0.20838256,-0.19760056,-0.050431475,1.4654709,0.17859004,-0.5952894,-0.08212584,-0.50589955,0.6637822,-0.11009393,-0.014749948,0.34371272,0.028926486,1.2027726,0.29254663,0.44065604,-0.19277006,0.19170214,0.6102806,-0.35148302,-0.04194798,-0.15617402,0.018941035,-1.2423937,-0.61371785,0.010388515,-0.03389122,0.18186706,-0.3767396,-0.2926657,1.5284114,-0.09668038,-0.54843974,0.08688859,-0.2557862,0.039758172,0.09707237,-0.22699504,-1.1645751,-1.6423746,1.3971072,-0.08008032,2.2500203,3.5431566,0.055113334,-0.016560309,-0.18669297,0.040910732,-0.5323624,1.7769228,-0.41549703,0.055570275,0.053336065,0.33449367,-0.55646455,0.119043745,-0.05355848,-0.17409067,0.10253864,-0.14164317,0.3574314,-0.092614315,1.0717148,0.20044148,-0.85056543,-2.3036993,0.13722016,-0.37608334,1.7491828,-0.016928084,0.16754103,0.36205113,0.49219024,0.2765502,-0.022726642,0.24945162,0.17846203,2.345082,0.399896,-0.07897228,0.13094796,0.16680296,-0.68753535,1.766459,-0.28218743,-0.05295634,-1.3721787,-0.22328854,0.18866996,-0.013605495,0.40380862,-0.083774574,-0.028185405,-0.49447727,2.9327192,-0.65483385,0.17870064,-1.7572459,0.68044657,0.15802397,-0.12930177,-0.09067347,-0.094533645,0.60337216,-2.8619525,-1.6804743,0.15615559,-0.037468538,-0.019441465,-0.01595421,-0.13455711,0.16348965,-0.064248495,-2.180898,-0.018137753,0.114257775,-0.011861339,-0.8001063
EQLGVRKELRGV,A,0.0605333,0.39524648,0.23836046,-0.055188924,-0.0057556764,0.05476919,-0.10440185,0.22767381,-1.5072533,-1.094657,-0.11381652,-0.0020251821,-1.2636067,-0.0551205,-1.0095903,-0.03953224,0.059889007,0.95670825,0.19903575,-0.036064256,0.24062373,-2.8212073,-0.7043696,-0.75043577,-0.2910979,-0.03724374,-0.41048753,-0.09027386,-0.22451524,-0.21391101,4.8641214,-0.14311652,-0.13631657,-0.036819022,0.4163395,0.15105076,-0.15027492,-0.12045517,0.4595448,-0.031398844,0.14737041,-0.11754885,-0.010602352,0.043066908,-0.05394839,1.5323662,0.013165946,-0.6118892,-0.36174634,-0.57311046,0.6891499,-0.33007315,-0.20384711,0.47973242,-0.046759393,1.1875386,0.1234588,0.3932936,-0.367833,0.15009342,0.4977779,-0.6083214,0.0356905,-0.19042015,0.19513135,-1.107095,-0.50567216,-0.051597144,0.004541812,-0.044190597,-0.29604506,-0.44409394,1.4419571,-0.22391762,-0.3779178,0.0066928104,-0.21579228,0.0684296,0.23857933,-0.25367084,-1.045792,-1.7546225,1.6291345,0.235334,2.2753258,3.5790405,0.0005530126,0.01717197,-0.33533,-0.10726436,-0.3954138,1.9336777,-0.54988766,0.2155465,0.1265212,0.1428157,-0.6381512,0.17284434,-0.27147797,0.04972897,-0.13494106,-0.3997397,0.44230637,0.008694091,1.2781513,-0.03277943,-0.954086,-2.1906407,0.034767438,-0.1392197,1.7005821,0.04663949,0.24681602,0.23518102,0.40022716,0.21599288,-0.0014297204,0.31426474,0.3494947,2.4616985,0.38494405,0.07527035,-0.08522299,-0.011017949,-0.82268476,1.4642893,-0.43696836,0.10337863,-1.3921624,-0.22988872,0.14889099,-0.10519201,0.36178884,0.12022566,0.08485315,-0.6746159,2.9730256,-0.67936754,0.15428157,-1.6174421,0.656486,0.10671411,-0.2996174,-0.109854214,0.13222884,0.43569157,-2.6475456,-1.4344444,0.36528423,0.058294583,-0.27165362,-0.16796394,-0.15237679,0.24988462,-0.14183448,-2.0640924,0.061976016,0.11605841,-0.061318297,-0.81100386
RMRMKMK,A,0.0095466245,0.34136567,0.078903146,0.16091213,0.029313724,0.22199067,-0.13098446,0.4534092,-1.032904,-1.2068968,-0.32944268,-0.11558151,-0.6141606,-0.16050902,-1.1524729,-0.12434621,0.0781206,1.0209799,0.28950742,-0.24927247,0.09563638,-2.8333213,-0.5854129,-0.9753261,-0.3571103,-0.2067984,-0.8032236,-0.03492071,-0.08404883,-0.6095214,4.3200445,-0.020005738,0.054672692,-0.116006255,-0.0025073332,0.3257437,-0.15465467,0.20675728,0.3249678,0.1661662,-0.12397388,-0.23292415,0.6630941,0.42789418,-0.055157248,1.7997324,-0.32638448,-0.9435261,-0.009964509,-0.37060776,1.029781,-1.1078627,-0.037373316,0.5838389,-0.3097554,1.1931515,0.0386065,0.59107953,-0.10116886,0.0059220158,0.5922026,-0.39790043,0.18243228,-0.0058981115,0.42203614,-0.97315264,-0.35743085,-0.27123564,-0.13697374,-0.230027,-0.34815338,-0.15011205,1.4095433,0.415725,0.0047119185,-0.10667111,-0.36312088,0.060756765,0.5226452,-0.5398149,-0.48848814,-1.4183415,1.2727593,0.42842934,2.096929,3.0419402,-0.36967602,0.20440435,-0.32534796,-0.3395979,-0.4310112,2.1028428,-0.6391014,0.32516125,0.42793226,-0.20638368,-0.9131908,0.30389413,-0.052320603,-0.41044816,-0.121579714,-0.58255565,0.14762807,0.32379636,0.98258585,0.3099503,-0.7902025,-2.4031029,-0.09958648,0.13788642,1.6418387,0.095512435,0.20791182,-0.08744825,0.14732265,-0.07746572,0.012160317,0.34155068,0.7065788,2.2313533,0.22565396,-0.084775105,-0.7002731,-0.41549465,-1.1040599,1.4074261,-0.049756635,-0.17487375,-1.8507423,-0.6370148,0.29697904,-0.28019246,0.51957774,0.2951634,0.09595178,-0.31108436,2.9260602,-0.31819394,0.38344508,-1.5367979,0.91692734,-0.14382434,-0.322498,-0.25883344,-0.025033627,0.38107318,-3.0860348,-1.1811016,0.6175362,0.29899362,-0.2053926,-0.18302028,-0.47175056,0.00842218,0.4202538,-1.7658556,0.09901301,0.16511126,0.04170881,-0.41277137
PPPWLPYMPPWS,A,-0.119288914,0.3755071,0.4449714,-0.08361807,-0.30612424,0.11077992,-0.13203882,0.16949767,-1.3019261,-1.2302963,-0.13450365,0.28772095,-0.56015486,0.015395354,-0.44025978,0.7365486,0.09815246,1.2312083,0.25572455,0.28348142,0.2786283,-2.8747022,-0.6732306,-0.78187394,-0.3093872,0.09202177,0.1270802,0.1289234,-0.072175056,-0.5670281,4.314455,-0.38473797,-0.24292175,-0.37688085,0.5758458,0.37578273,-0.46034816,0.043520287,0.31351057,0.11020312,-0.3142892,-0.00956284,-0.39307877,-0.063344,0.0014390746,1.4622246,0.20986272,-0.8225846,-0.40101135,-0.5796717,0.93122655,0.031750556,0.03953324,0.2820016,-0.24325003,1.0147542,-0.43741426,0.8241177,-0.03356661,0.27639842,0.63625765,-1.0857202,0.058963552,0.1176773,0.1554959,-1.1200259,-0.7557003,0.47123456,-0.49055526,0.19046487,-0.7052342,-0.18665892,1.5506567,-0.06568602,-0.1238325,0.20770806,-0.508993,0.5347496,0.21147084,-0.5871087,-0.8295989,-1.5233787,1.245302,0.08262849,1.907887,3.0503845,-0.35674667,0.16642286,-0.24431634,-0.32371798,-0.782985,1.7085185,-0.016487628,0.4148785,0.1003893,0.27534446,-0.7033946,-0.14179464,-0.47329268,-0.22673358,0.038671922,-0.47974837,0.09202198,0.17524254,0.73064655,0.3585566,-0.5862748,-1.9999375,-0.17338562,-0.29206064,1.3936166,0.5149537,0.048911903,0.078401275,0.037143797,0.49436286,0.189016,0.1842212,-0.021485224,2.1328776,0.48093614,0.15839972,0.30190146,0.006486397,-0.41780773,1.6078681,-0.12398108,-0.3016554,-2.062686,0.07532606,0.4928851,-0.19860876,0.84229344,-0.54547745,-0.2947007,-0.3204476,2.4164627,-0.20876217,0.009648943,-1.3493084,0.5505799,0.73174524,-0.46819064,-0.40285826,-0.20215835,0.7630934,-3.0970132,-1.5624789,0.25400698,-0.32239047,0.1709819,-0.25739995,-0.22217268,0.23817492,0.3663303,-1.6487937,-0.34649137,0.29415494,-0.30115986,-0.73243195
AYSSGAPPMPPF,A,-0.042226035,0.24948864,0.4293586,-0.22182018,-0.27279767,0.09425215,-0.0685111,0.3169906,-1.3106881,-0.990369,-0.38511756,0.088862084,-0.5045616,0.054880675,-0.4550446,0.61979216,0.04919678,1.0687388,0.49385992,0.19551039,0.29997337,-2.8347883,-0.6010418,-0.38223767,-0.30742836,0.10290426,-0.013042532,0.18458974,0.06793239,-0.38929105,4.3047323,-0.453486,-0.26388684,-0.21735413,0.43400112,0.36098924,-0.42521584,-0.111685075,0.35948682,-0.20027292,-0.192518,0.15476201,-0.5827418,-0.23302996,0.38806674,1.3172337,0.26363596,-0.7313266,-0.0018014511,-0.5760236,0.87439495,-0.22327028,-0.20621324,0.2466424,-0.1778295,0.8563481,-0.48929188,0.9556157,-0.027829861,0.3305637,0.4196868,-0.9023091,0.10985288,-0.028617105,-0.0688371,-1.1847961,-0.633332,0.69013625,-0.38801742,0.14218548,-0.59264916,-0.0017123608,1.4167023,-0.075116076,-0.42528084,0.16452904,-0.18532191,0.52645403,0.010741013,-0.5868484,-1.243997,-1.4907318,1.1302469,0.20857193,1.9308785,2.910058,-0.36160097,0.23609687,-0.33621708,0.06534044,-0.57694656,1.1559504,-0.36237824,0.09402526,0.24401508,0.3918135,-0.38676414,-0.35698542,-0.26045728,-0.35551807,0.23215757,-0.2891571,0.18427987,-0.2184314,0.97903734,0.4672481,-0.70420784,-2.242485,-0.28571552,-0.5701383,1.571732,0.42334816,0.18473332,0.20086908,0.4467632,0.5306354,0.00534627,-0.059555512,-0.03268374,2.0473897,0.72874135,0.21917082,0.318217,0.09140899,-0.32206616,1.5603288,0.08259266,-0.39263478,-1.7207934,-0.091145135,0.40742603,0.068933725,0.64551467,-0.54205567,-0.4135964,-0.41644725,2.5430138,-0.43469194,0.27968985,-1.4062704,0.53080696,0.61526865,-0.17683588,-0.14950813,-0.04426739,0.6973949,-3.033698,-1.6988744,0.060512435,-0.1375048,0.14155275,-0.25926474,-0.0461119,-0.11817668,0.10088607,-1.5270948,-0.097560294,0.079235844,-0.05417678,-1.0227944
TGIFKSARAMRN,A,0.03521119,0.32165325,0.21212626,-0.1991479,0.015761333,-0.02550649,-0.23668362,0.4843116,-1.1104093,-1.2308422,-0.18891983,0.084335886,-0.9818149,0.053520035,-0.8600146,-0.033619028,-0.1236824,1.0514774,0.20659952,0.059184242,0.11282971,-2.9326236,-0.64722115,-0.52717525,-0.5330591,-0.21559983,-0.5059212,0.038163614,-0.02132705,-0.2889761,4.7565656,-0.2599182,-0.17591797,0.094435714,0.21160091,0.4934082,-0.060674787,-0.06952385,0.32445765,-0.1978124,-0.06894701,-0.09713453,-0.0381252,-0.009631336,0.067543745,1.5008658,0.07858988,-0.5518692,-0.16327165,-0.44797054,0.5778006,-0.40106305,-0.065101795,0.4382074,0.031352524,1.3092874,0.03859582,0.60286474,-0.24560927,0.13899677,0.5714196,-0.3554622,-0.046637595,-0.23498674,0.075340755,-1.0918242,-0.5178723,0.079703495,-0.047211315,0.12496105,-0.369894,-0.25647855,1.2259959,-0.009949483,-0.4696385,-0.06139329,-0.28508803,0.13306935,0.1934526,-0.25473157,-0.78673846,-1.5529838,1.436021,0.17796218,2.2002275,3.5451128,-0.08431343,0.21184422,-0.31867176,-0.07454934,-0.3969907,1.7692083,-0.65466183,0.15785496,0.24079199,0.19584304,-0.55847996,0.08593591,0.0625264,-0.10613976,0.018669529,-0.14913712,0.42034712,-0.007374622,1.0570163,0.13122042,-0.89778346,-2.4508216,-0.0628615,-0.18195994,1.8261486,0.15732683,0.19023518,0.19826575,0.46592584,0.1542309,-0.20682293,0.16435616,0.38015568,2.2240312,0.4957099,-0.017580763,-0.13383444,0.0567814,-0.90318274,1.6231704,-0.060894158,-0.10855504,-1.532163,-0.23368047,0.087214924,-0.10706834,0.32263118,0.042702656,0.0051430827,-0.58175224,2.8277543,-0.7768569,0.29649392,-1.7622876,0.6922963,0.070625655,0.07180078,-0.23799549,-0.14122772,0.53464144,-2.875591,-1.6216736,0.25556028,0.045358706,-0.03280672,0.07474663,-0.20718314,0.076732665,-0.0475156,-2.1386445,-0.028372025,-0.036355805,-0.038859885,-0.9421151
KHKHWHW,A,-0.09035344,0.36936617,0.5013059,0.06625189,-0.06362322,-0.15220378,0.13035662,0.45315152,-1.2740374,-1.2644444,0.19597258,0.49301106,-1.0084462,-0.16549985,-0.8667412,0.1433313,-0.043477196,0.8996207,0.36441952,-0.33677313,0.12255348,-3.119871,-0.7746615,-0.46237782,-0.39320618,0.11071263,-0.06465947,0.23159425,-0.31404814,-0.5255219,4.3737955,-0.45312217,-0.31848168,0.09882919,0.5140467,0.34284583,-0.6034503,-0.118149705,-0.059048813,0.026205553,0.12715648,-0.08082732,-0.008317302,-0.07598246,-0.23679014,1.99359,-0.12924907,-0.90492666,-0.07652719,-0.5729951,0.5139255,-0.6563405,-0.086786866,0.35557887,-0.19619642,1.1417207,0.114521384,0.46592018,-0.3103823,0.28533474,0.86326665,-0.5395492,0.058684554,-0.18241243,0.070617266,-0.9956636,-0.4106746,0.11877893,-0.18043748,-0.17074433,-0.38760275,-0.27459687,1.4907024,0.13155036,-0.05297472,0.16264112,-0.51741225,0.1466954,0.011122261,-0.18257093,-0.9782043,-1.161701,1.633919,0.109388255,2.2531788,3.2575462,-0.16285762,-0.049857497,-0.37598017,-0.3954781,-0.5703136,1.9974183,-0.42811933,0.3033254,-0.0061655664,0.39073732,-0.5646896,-0.10253937,-0.11264173,-0.40186045,0.044442765,-0.32021928,0.17855832,0.12272371,1.187371,0.3503241,-0.71313286,-2.247023,0.17726241,-0.16203353,1.4208896,0.27478072,0.26758108,-0.06618251,0.44710428,-0.15491624,0.1100555,0.044692207,0.25108945,2.4120915,0.3682049,-0.045296993,-0.25585383,-0.6266054,-0.45092845,1.702911,-0.36052898,-0.17174403,-1.5278481,-0.18457589,0.33815092,0.009655424,0.9665364,0.20808414,0.059865255,-0.47136244,2.5593188,-1.1541876,0.20055802,-1.4927084,1.2155255,0.7243126,-0.12159659,-0.33224937,-0.33349758,0.82359564,-2.7932537,-1.6342872,0.028096603,0.030442553,-0.16317989,-0.07394321,-0.3047165,0.4316496,-0.19730006,-1.8772535,0.10240997,-0.044619136,0.08048777,-1.0662831
TSNAVHPTLRHL,A,0.00078531104,0.43993238,0.46844018,0.011212799,-0.047306996,0.15214534,-0.16023657,0.18861581,-1.2865182,-1.2483875,-0.012905554,0.22873263,-0.8432502,-0.06891794,-0.7290027,0.25476643,-0.13919796,0.98200345,0.18775827,0.10799428,0.026128232,-2.8991222,-0.58691174,-0.42366764,-0.42905653,-0.1056608,-0.3212659,0.10603257,-0.17664683,-0.31416056,4.7076797,-0.43210998,-0.22518152,-0.069972925,0.21956384,0.52442694,-0.40239918,-0.068027146,0.13094234,-0.04013369,-0.017065294,-0.20426355,-0.29181564,-0.2222762,-0.19469436,1.4884735,0.110188186,-0.8169233,0.035115913,-0.5587465,0.58714,-0.3989649,0.11723419,0.42202833,-0.10379092,1.5147862,0.07511828,0.58915085,-0.1685278,0.23254986,0.64586943,-0.5593377,-0.08736368,-0.013885851,0.03675851,-1.01403,-0.69550204,0.0072843754,-0.18564655,0.06874388,-0.22915725,-0.2309575,1.4573256,-0.057395846,-0.34311756,0.19534917,-0.34011224,0.12725936,-0.0075311027,-0.19131768,-0.84569854,-1.5332927,1.513487,-0.1262486,2.2645345,3.2682161,-0.18104757,-0.018841868,-0.27382442,-0.12633736,-0.556356,1.8437891,-0.3360997,0.13387673,0.13757046,0.36643314,-0.4653177,-0.1444043,-0.13498537,-0.3300658,0.037060257,-0.1459788,0.2682873,-0.09935274,1.1630449,0.17837739,-0.86560804,-2.3179297,0.059059877,-0.31576505,1.9833826,0.15050583,0.2822751,0.1471922,0.5812097,-0.13193417,-0.036881868,0.09180421,0.11272948,2.4621117,0.2931603,0.07163251,-0.021280946,-0.056565296,-0.61386037,1.6574198,-0.09781758,-0.15181126,-1.4445343,-0.016810967,0.221108,-0.020912096,0.56917906,-0.18612652,0.08819482,-0.55001706,2.7359972,-0.6507309,0.23328811,-1.5560188,0.8166794,0.44937778,-0.04817842,-0.27242404,-0.27187696,0.43485796,-2.7616491,-1.6271642,0.0782525,-0.13172217,-0.1715753,-0.15006028,-0.1692614,0.14587803,-0.016009098,-2.1272986,-0.022552187,-0.0055790595,-0.008093274,-0.9217608
RLNPPSQMDPPF,A,-0.20206894,0.1744322,0.5799327,-0.074540116,-0.041593987,-0.117283106,0.02432064,0.48959458,-1.501701,-0.95769566,-0.13572623,0.31817773,-0.6056115,-0.024945972,-0.49687326,0.45764914,-0.2876717,1.0806597,0.41135907,0.414605,0.22941469,-2.948349,-0.8722605,-0.6819268,-0.26889676,0.14657147,0.11945943,0.1482038,-0.077158265,-0.38985693,4.2082143,-0.31000525,-0.3330565,-0.022396855,0.42628226,0.4322379,-0.37382588,0.2684774,0.72670597,-0.08052748,-0.25063965,-0.030155629,-0.5253339,-0.25622767,0.3483002,1.4238296,0.114505984,-0.7840634,-0.48488632,-0.52064747,0.8923107,-0.1343794,0.002514086,0.18709661,-0.24486746,0.91758615,-0.5577976,0.9334113,-0.20897613,0.502281,0.63099617,-0.7274661,0.17296936,-0.11078337,0.016568838,-1.3201677,-0.7647293,0.53569955,-0.3785889,0.30671597,-0.5313575,-0.09502628,1.3721657,0.051476467,-0.37307,0.01885406,-0.4194812,0.1890512,0.09196001,-0.39461735,-1.2340592,-1.4162668,1.4327723,0.124288894,1.8495835,3.0874093,-0.22548783,0.102763526,-0.15354721,-0.3154974,-0.2541918,1.4959682,-0.27510637,0.22692758,0.18607926,0.60886395,-0.4023483,-0.0015840655,-0.29480207,-0.2778516,0.34579846,0.019120991,0.21644728,-0.0020832692,0.9664035,0.31933165,-0.73794264,-2.0199385,-0.10287879,-0.547461,1.7345937,0.43651688,0.15380587,0.041271973,0.27715528,0.14473505,-0.10111176,-0.066032834,-0.044506535,2.1248357,0.42390752,0.19830792,0.044376563,-0.036131237,-0.42136744,1.2853433,-0.0013880121,-0.40207255,-1.6877632,0.14891954,0.2833023,-0.06763259,0.51670176,-0.5982334,-0.18701102,-0.540524,2.253441,-0.5483814,0.21281491,-1.1359085,0.56629974,0.85966134,-0.21036822,-0.44751775,-0.3267032,0.6472387,-2.7728453,-1.6401681,0.1578307,-0.2700365,-0.22274244,-0.092223376,-0.3197814,0.04924004,0.18192309,-1.7534428,-0.07798504,0.25148848,-0.08372593,-0.82986903
QTWPPPLWFSTS,A,0.07416214,0.20721887,0.47510326,-0.23946232,-0.14904793,-0.013818023,0.1386139,0.13795245,-1.5363731,-0.95876384,-0.19885199,0.29401717,-0.95938176,-0.12236928,-0.36553967,0.37022555,-0.28540638,0.9762814,0.39025345,0.13167374,0.12248912,-2.7401125,-0.6512906,-0.63105774,-0.336557,-0.042453546,0.24593139,0.14401798,-0.1300026,-0.36191884,4.4124603,-0.5568716,-0.27472845,-0.2568643,0.7391228,0.5229229,-0.4617878,-0.038318902,0.4296606,0.22904702,-0.26701525,0.0015326602,-0.3463372,-0.089759715,0.0056158467,1.654466,0.21526755,-0.7484584,-0.23251326,-0.40622175,0.6740053,-0.17427991,0.12286665,0.5072833,-0.2616687,1.2436457,-0.43477142,0.8182271,-0.3821986,0.23090969,0.60284215,-0.6689691,-0.08812422,0.074469864,-0.05107135,-1.1760365,-0.5198937,0.46347216,-0.26733032,0.35481253,-0.6027956,-0.47232202,1.4497584,-0.11306182,-0.55503255,0.3430902,-0.50493634,0.2631014,0.2358938,-0.44738877,-1.0968437,-1.372357,1.6369656,0.007478684,2.0006275,3.131749,-0.3018057,0.2533496,-0.32884264,-0.23116231,-0.90500075,1.6007229,-0.4139336,0.24306934,0.2784979,0.44306552,-0.41457343,0.06353389,-0.200288,-0.30177683,0.2095689,-0.37760353,-0.1145181,-0.081048675,1.013638,0.16170841,-0.5078264,-2.226168,-0.052524064,-0.34387204,1.6880885,0.36970606,0.2072642,0.25771135,0.4602841,0.30315447,-0.09940103,0.14424323,-0.30778795,2.0855691,0.46163073,0.011157936,0.33086517,-0.19643486,-0.4340811,1.382832,-0.12728944,-0.20559688,-1.6754755,0.059997726,0.42987037,-0.019819481,0.6186178,-0.31898478,-0.38828358,-0.41708264,2.5392263,-0.44773087,0.08225536,-1.5448986,0.91178846,0.71116215,-0.42361426,-0.24654187,-0.46157208,0.6672731,-2.6677325,-1.6963066,0.06073304,-0.26314828,0.26966044,-0.086672336,-0.25014827,0.2164012,0.08921796,-1.7399498,-0.18829961,0.18795787,-0.21996284,-0.7876714
GCGLFHAIAHFIHGGWHGLIHGWYG,A,-0.04066552,0.644452,0.40448394,0.10555902,0.24209,0.26769403,-0.099283926,0.14553478,-1.1585673,-1.6790919,-0.06167894,0.44289824,-1.0479757,-0.12140891,-0.8293234,0.14305297,-0.026239548,1.0645089,-0.11071947,0.14210276,0.057585698,-2.8466828,-0.64391106,-0.32276398,-0.5726708,-0.04484429,-0.57810265,0.1868461,-0.2528701,-0.12676863,4.6962166,-0.38975084,-0.043475322,-0.18035321,0.37666583,0.049253426,-0.28133953,-0.14277543,0.18130979,-0.24174297,-0.1025924,0.04383153,-0.32475576,0.17017928,-0.14481062,1.4404713,0.14211836,-0.7351518,0.14283714,-0.55819535,0.5760999,-0.07202015,0.1446882,0.024932103,-0.03639106,1.2089103,0.15497684,0.52643704,-0.1318131,-0.11969078,0.45937225,-0.74261016,0.05881359,0.008889716,0.10096693,-0.9057016,-0.5529062,0.008044128,-0.023931485,0.015610349,-0.20061171,-0.13825758,1.1677339,-0.107656896,-0.36188728,0.04625245,-0.2770643,0.063719265,0.07834039,-0.31635588,-0.7541664,-1.584411,1.6219863,0.043687545,2.2758474,3.1209261,-0.03277494,-0.051332366,-0.17943361,-0.15475643,-0.3625177,1.7385596,-0.35443977,0.19346878,-0.2676001,0.26556286,-0.58389467,-0.16852112,-0.054866277,0.11894065,-0.022428907,-0.3106408,0.18982819,0.27695787,1.0283874,0.26741794,-0.91947436,-1.8828063,0.5784248,-0.5322249,1.3016204,0.111877404,0.22693881,0.11388161,0.3269037,0.25755847,0.026815208,-0.05475185,0.42767403,2.4575093,0.14778501,0.21317425,-0.024081783,0.0041016196,-0.31493828,1.6869023,-0.1839443,-0.1518624,-1.4159147,-0.2327686,0.069635384,-0.0680039,0.45020443,-0.17911461,-0.1822424,-0.64718133,2.4613802,-0.53788954,0.20643137,-1.6638049,0.8092142,-0.08811433,0.05799806,-0.120706946,-0.33957916,0.7128534,-2.5312889,-1.4437652,0.050251752,-0.08672144,-0.17306843,0.11585684,0.014884391,0.09907419,0.019140253,-2.2370188,-0.023271652,-0.05387819,0.25587648,-1.1850673
KHKHWHWG,A,-0.06897913,0.36661133,0.41708785,0.05342769,-0.0751245,-0.16018994,0.17046891,0.4895147,-1.2383093,-1.2631422,0.04004133,0.5579962,-1.0914764,-0.26446515,-0.82887477,0.23489271,-0.069685504,0.97367215,0.46753958,-0.25858063,0.14415836,-3.1025455,-0.77586824,-0.4889669,-0.4285151,0.09063657,-0.08633143,0.16985789,-0.1818102,-0.36672738,4.287793,-0.3531553,-0.17405815,0.011313643,0.5195491,0.30215237,-0.5789599,-0.21300326,0.052278712,-0.0731744,0.18263939,-0.07070495,-0.023721635,-0.045483686,-0.1981986,1.9089309,-0.13927661,-0.88279295,-0.069147676,-0.55147094,0.5508861,-0.69572926,-0.18768887,0.35634392,-0.07024108,1.1996449,0.07406972,0.48835433,-0.4042512,0.24116915,0.7398858,-0.53614897,0.081523806,-0.24196544,0.043658625,-1.0537344,-0.40283215,0.13296999,-0.15893957,-0.20010692,-0.35733852,-0.2700012,1.347233,0.030261721,-0.1558963,0.08871718,-0.5089934,0.25871634,0.031781234,-0.2023256,-1.0877361,-1.1833868,1.5726048,0.13172962,2.269051,3.380702,-0.19106008,-0.05778938,-0.2234442,-0.25140107,-0.5117849,1.8822055,-0.54492944,0.30093622,0.1259895,0.3772341,-0.55486745,-0.113531135,-0.1329022,-0.41940475,0.072220206,-0.35095754,0.19608286,0.09612321,1.1191317,0.33348358,-0.88741845,-2.1949031,0.115630716,-0.17748655,1.4408733,0.32126287,0.20184168,0.134688,0.42111957,-0.023022465,0.086954206,0.002687931,0.29632437,2.3463364,0.33900985,-0.04566687,-0.23185542,-0.589337,-0.4554955,1.7241262,-0.3757088,-0.08866371,-1.5118637,-0.2154468,0.3560784,0.020615112,0.9699203,0.15195934,0.046668068,-0.55544364,2.6517532,-0.9993666,0.27638924,-1.5820798,1.1349802,0.6217753,-0.08972468,-0.31694233,-0.22007138,0.780583,-2.7506826,-1.6410992,0.021160886,0.04167015,-0.12652478,-0.076366514,-0.23542945,0.40561372,-0.17841783,-1.8426386,0.07233001,0.012254621,0.015547405,-1.1673154
HHHHHHH,B,-0.43459374,1.813424,0.8744343,0.88278335,0.063570045,0.35685948,0.4424279,-0.28851953,-1.7580234,-1.326494,1.0414928,1.2176974,-0.121291436,-0.7367635,0.03977682,0.021266026,0.12369428,-0.38028172,-0.56889945,0.15509279,-0.36106798,-2.1616569,0.15799859,-0.12015348,0.19262703,-0.19655879,0.66513497,1.0790881,-0.27468565,0.12037984,3.0897076,-0.34426042,-0.29555556,-0.5140316,0.3025535,-0.31515154,-1.5301418,0.2586556,-1.0545661,-0.22599988,-0.042088773,-0.1743468,-0.5443416,0.45971918,-0.7305369,1.9100941,-0.39419875,-1.6797707,0.30676624,-0.27715605,0.80561405,-1.1173931,0.43221107,0.35478923,-0.7758215,0.9432984,-0.8266425,0.717862,0.5215912,0.4994313,1.3674415,0.3367049,-0.6264685,-0.5543015,-0.2863626,-0.89300025,-0.63169736,-0.17187825,-0.86502075,-0.8464703,-0.06405773,-0.551025,1.1615041,-0.584773,0.7995368,-0.2687815,-0.30747822,-0.6959257,-0.96074516,0.31974795,-0.68673366,-0.74169487,1.1878186,0.5155705,2.276169,1.6366656,-0.574812,-1.1499273,-0.5952355,-0.4959163,0.12505236,1.2929436,-0.06319831,0.47128245,-1.4460354,0.7480033,-1.6447712,-1.0554146,-0.41424555,-0.47803354,-0.30483636,-0.15140803,-0.013233365,0.4382104,1.1633629,0.63431406,-0.86865145,0.1379976,0.38048333,-0.6508168,0.32331428,0.4406176,1.33345,-1.0479734,0.51217794,-0.8124985,0.34782267,-0.36378774,-0.18814479,1.2632875,-1.067669,0.7608677,-0.1729561,-0.6901398,1.0730246,1.5901545,-1.2869327,-0.66499555,-0.48438573,0.33564067,0.80277807,-0.23306115,2.5732305,0.2694113,-0.20686771,0.07736397,1.225087,-1.2456259,0.68805,-1.1041945,1.5887282,2.1086936,-0.42241958,-0.81465423,-0.5766297,1.6877391,-2.1347976,-0.9137147,0.009853138,0.22768895,-0.67096186,-0.22977169,0.114575185,1.0878929,0.43403512,-1.7601546,1.0486895,0.4105161,0.8992625,-1.1809872
MHMHMHM,B,-0.38613102,0.92675596,0.64047104,0.4665022,-0.081405886,0.3419032,-0.31144843,-0.07693373,-0.86953217,-0.5527958,0.12185689,0.27509847,0.4544751,-0.56492573,-0.9601367,-0.048649233,0.3319382,0.669957,-0.25131837,-0.6838121,-0.32249975,-2.7434387,0.19364639,-0.49943072,-0.15594797,-0.08418756,-0.22344005,0.14385425,0.55751,-1.5175978,3.2539766,0.074475646,-0.32726005,0.21290205,-0.0408383,0.33702323,-0.6904529,0.58917207,-0.5513481,0.74210376,-0.27103764,-0.64317006,0.100411214,0.13490845,-0.29419973,2.6690803,-0.41897863,-1.9265343,0.21367845,-0.010737994,1.3657,-1.0199654,0.15500037,0.34008145,-0.6917426,0.51235,-0.2592725,0.25714836,0.47356915,0.6060092,1.1043023,-0.028001953,-0.5347964,0.54383844,0.44563466,-0.5252074,0.107361615,-0.5006053,-0.51577395,-1.3307323,-0.29728433,0.080218755,1.5107663,0.7508102,1.1450263,-0.034836713,-0.4793561,0.008319689,0.34355927,-0.19377401,-0.6790175,-0.9829188,1.3879977,0.14572613,1.447896,1.9148701,-0.59301627,0.32526276,-0.6199154,-0.58895034,-0.49407578,1.326843,0.005132519,0.33411336,-0.27118257,-0.2981226,-1.0371815,-0.21818896,-0.90785843,-0.7748103,-0.025161399,-0.3527713,0.13691984,-0.09550425,1.2528986,0.14269207,-0.5856289,-1.6918329,-0.3082889,-0.69673675,0.89577925,0.96189106,1.0326025,-0.705319,0.20784478,-0.816337,0.3761122,0.19525181,0.19096968,1.9429665,-0.64690113,-0.19252117,-0.42098004,-0.34110612,-0.63565534,1.692755,-0.27678138,-0.094756775,-2.068726,-0.0040325224,0.7130433,-0.91292,1.9977167,0.3801498,-0.035402644,-0.30197343,1.9501688,-0.6366307,0.53656614,-0.6882213,1.1846136,1.0610653,-0.30604678,0.35908794,-0.7530623,0.8938406,-2.482317,-0.77014875,-0.07885615,-0.20028009,-0.31058916,-0.48462123,0.056090046,0.5982358,0.38530168,-1.3750716,0.25674072,-0.3576223,0.099495016,-0.50887764
RHRHRHR,B,-0.03126964,0.83441335,0.7602367,0.34426546,0.16531542,0.41755614,-0.00626881,0.28949833,-2.0433707,-1.274087,0.06956261,0.55301803,-0.8431797,-0.57299155,-0.6757899,0.35709974,-0.3193168,0.44735834,0.2733024,0.062954105,0.5214873,-2.2810519,-0.50179714,-0.54172677,-0.59313804,-0.5940074,-0.4609304,0.6198086,-0.68595296,0.43499985,4.4040704,-0.024261108,-0.018840488,-0.37300295,-0.18520458,0.21527974,-0.5814833,0.032077126,-0.1610028,-0.00689398,0.38539252,0.031558074,-0.37031192,0.46548584,-0.40480682,1.5338694,-0.50388294,-0.88132983,0.22998832,-0.38340947,0.25931308,-1.2240535,0.113640405,0.6094884,-0.20657769,1.4491132,-0.38857263,0.874884,0.10234958,0.24472249,0.9797172,-0.24872313,-0.3216019,-0.31065392,0.14552675,-0.42625707,-0.5401049,0.8041871,-0.5165576,-0.023463095,-0.654077,0.029790733,1.5195587,-0.3629624,0.11159942,-0.2641032,-0.26475832,0.31697777,-0.5148352,-0.522545,-0.84029335,-1.1878091,0.977554,0.011167026,2.1930022,2.7710705,-0.35480624,-0.20952292,-0.49430576,-0.35279948,-0.8122338,1.8563576,-0.68626124,0.38654828,-0.4101084,0.2967017,-1.0066679,-0.9507626,-0.24790609,-0.903823,0.12777582,0.022631356,-0.16364518,0.4921401,0.6797057,0.55097395,-1.1214886,-1.0056952,0.54419863,0.032618143,1.3209475,0.87070596,0.55717397,-0.25249907,0.3842009,0.017532054,0.16484702,-0.32750934,0.10933912,2.0866838,-0.29830393,0.4710176,-0.4902633,-0.35010964,0.17308931,1.4640576,-0.8698354,-0.50325304,-1.4748008,-0.15212072,0.49257588,-0.4073829,1.3253306,0.01852477,-0.26036632,-0.21213546,2.4567132,-0.03337889,1.013316,-1.0603702,1.3842176,0.50348055,-0.15904681,-0.73346096,-0.52560407,0.75806314,-2.6546364,-1.0855372,0.38752943,-0.056459617,-0.5137202,-0.2916583,-0.23498286,0.29925993,0.23934759,-1.9972856,0.25368997,0.30302954,0.50854653,-1.4004852
YHYHYHY,B,0.3025642,1.1016462,0.65764344,0.630629,0.566477,-0.44129065,0.22854008,-0.5380821,-1.1383764,-0.6488266,-0.11669588,1.3011323,-0.11521517,0.6238862,0.07078872,0.091704346,-0.03940961,0.28711048,-0.19026335,-0.83995306,-0.20610924,-2.1656475,-0.24298343,0.15575545,0.4801534,-1.1372005,0.7884713,0.9076794,-0.20074439,-0.12351925,2.2915113,-0.6017149,-0.049864586,-0.3427132,0.97026664,0.91410476,-0.7829386,-0.680213,-1.2683532,-0.5977512,0.30658072,0.23247449,-0.6804449,0.38869938,-0.3426992,2.230988,-0.7782412,-1.8485128,-0.26103,-0.58704656,0.93489087,-0.68782663,-0.3012959,-0.42487326,-0.59594244,0.26581424,-0.15276395,0.91826296,0.2157258,0.09867231,0.6089411,0.0015080933,-0.53695744,-1.342864,-0.4338462,-0.7252645,0.08374822,-0.014140444,-0.61325294,-0.58645576,-0.70360225,0.34263712,1.6079605,0.16796651,0.37437454,-0.448719,-0.5218784,-1.4689348,-0.6551709,0.24157265,-1.7254188,-0.33081275,1.1088288,0.27738076,1.0153254,1.349204,-0.66061455,-1.3390439,-0.75731105,0.58338207,0.8368732,1.2851163,0.44688657,0.4624023,-1.4535347,1.5994873,-0.50755864,-0.5519069,0.5351915,-0.36955175,-0.6948298,-0.68444747,-0.40104747,0.1849421,0.63736534,1.1325299,-0.043762147,-0.14754069,-0.21562685,-0.1497909,-0.93671817,0.38354138,1.7974054,-1.0526072,0.334978,-0.25806668,0.20957772,0.13405158,0.5209715,0.8792446,-1.5272361,0.8782759,-0.56021565,-1.0651084,0.87908554,1.1772735,-1.5291274,0.04675782,-0.52850354,0.33132893,0.5366947,-0.46634787,1.8566582,0.020849941,-0.23401217,0.5108282,0.7859083,-0.8284103,0.18168852,-0.76738656,1.5128603,2.3185241,-0.36407116,0.044379074,-0.43015668,2.1553473,-1.295652,-0.6802319,-0.11929077,-0.14110817,-0.12837933,0.06455918,0.18038668,0.7353519,-0.13565017,-0.7194399,1.030367,-0.056024965,0.7970012,-1.6888285
WHWHWHW,B,-0.18434492,0.5801524,0.6140543,0.068018906,-0.06499733,0.034298275,-0.25837132,0.18096389,-1.1694777,-1.4081308,0.14047611,0.24581738,-0.8920737,-0.19071336,-0.73927575,0.17461146,0.07478398,1.1644144,0.31798965,-0.42294076,-0.02960142,-2.9691749,-0.47110525,-0.3743372,-0.64505243,-0.1888766,-0.2658046,0.12993385,-0.28860298,-0.3979976,4.8506885,-0.40577167,-0.102243826,-0.08457533,0.5088947,0.25364047,-0.49710414,-0.092297904,-0.13756165,-0.048608452,-0.04525414,0.024145791,-0.09607156,-0.16282868,-0.26583502,1.9338828,0.004481635,-1.073687,-0.07647522,-0.5189118,0.43322486,-0.6175272,-0.22384742,0.4172392,0.100353636,1.1532097,-0.050281115,0.59078914,-0.18949905,0.12526427,0.8966808,-0.54246557,-0.13193215,0.03546411,0.17855634,-0.8796063,-0.5527551,0.16519971,-0.056579955,-0.3516204,-0.18202433,-0.28383043,1.6276023,0.054512743,-0.08687496,0.16803049,-0.61138785,0.12444307,-0.09915262,-0.29164997,-0.9131431,-1.3775699,1.6851066,-0.15177046,2.2359931,3.2778935,-0.26058835,0.049153674,-0.5143022,-0.25578776,-0.723691,2.0511744,-0.5214158,0.29352263,-0.22044753,0.4033621,-0.4498942,-0.2788305,-0.19236255,-0.22814587,-0.20874266,-0.27384767,0.16848575,-0.054017335,1.1169063,0.06274548,-0.83999723,-1.9985253,-0.00084759935,-0.052148964,1.3278024,0.54401755,0.42301443,0.13400665,0.543517,-0.07977218,0.23991275,-0.09529526,0.19993736,2.501784,0.09969175,0.20883033,0.033574887,-0.45548305,-0.5504808,1.5989878,-0.31959817,-0.22739668,-1.3549856,-0.08492166,0.5165357,-0.21655004,1.0088797,0.1794503,-0.122816816,-0.579568,2.7095053,-0.8021332,0.074068055,-1.4698507,1.305598,0.55419236,-0.16679418,-0.08525699,-0.4198541,0.8273141,-2.9266014,-1.508373,0.20306201,-0.24748252,-0.09729425,-0.01961859,-0.16062781,0.62611336,-0.043826308,-1.9749404,0.011523621,-0.1007872,-0.04992683,-1.0119767
KHKHKHK,B,-0.22799972,0.51654726,0.21209504,0.311469,-0.2397995,-0.22865899,0.4788707,0.3004561,-1.1131603,-1.0816494,-0.0033059493,0.9942911,-0.832549,-0.15537997,-0.9115902,0.5154266,-0.12836222,0.15184724,0.266583,-0.062218938,-0.20784178,-2.7469962,-1.1194109,-0.37007728,-0.020437509,0.14743264,0.14437394,0.77569103,0.07951202,-0.47822717,3.6125827,-0.55351675,-0.4022925,0.013694729,0.5568241,0.43798652,-0.6951536,0.10740189,-0.35835108,0.09584111,0.19607088,-0.20662887,0.16073415,0.0634413,-0.41963792,1.8187569,-0.3917418,-0.99723154,0.24204561,-0.8274644,-0.035006024,-0.9823229,0.2490396,0.7897449,-0.48069385,1.0036011,0.34739923,0.2662894,0.031061534,-0.101349965,1.0732443,-0.50666255,0.10344921,-0.37961593,-0.11503498,-0.84831655,-0.08488043,0.3396552,-0.42039984,-0.028096152,-0.6091537,-0.22961703,1.1088442,-0.061148323,0.16368201,0.11006446,-0.50312525,0.18769196,0.13870361,0.17337796,-0.5806074,-1.0202057,0.94756925,0.52386415,2.1230948,2.7596548,-0.30020863,-0.6188477,-0.40695497,-0.42641598,-0.29256466,1.4355098,-0.2369756,0.509266,0.042277962,0.3618265,-0.9328945,-0.056898568,-0.0017514059,-0.87857187,0.1619735,-0.07804024,0.13838308,0.14013842,1.3931781,0.80294734,-0.8398729,-2.0163295,0.53224576,-0.18052177,1.4859238,0.053669434,0.09264946,-0.2768601,0.21570408,-0.5667437,0.57128125,0.014865594,0.6321793,2.1415944,0.26801166,0.02465314,-0.36854506,-0.66437775,-0.30416036,1.6380783,-0.47074923,-0.6039091,-1.292178,-0.40519556,0.33810166,0.17401578,1.6405275,0.45108977,0.27742228,-0.2337134,2.2852974,-1.520095,0.24610329,-1.2891554,1.1487545,0.8273534,0.09651206,-0.689797,-0.4514688,0.8528147,-2.7704093,-1.4659927,-0.095485255,0.51705426,-0.70504826,-0.0832765,-0.6048907,0.25825325,0.043553732,-1.6513441,0.07860384,-0.072731934,0.6352582,-1.1648653
AHAHAHA,B,0.5582469,1.7825922,0.6530275,0.3455153,0.2818728,0.32337663,-0.25159547,0.24669906,-1.6898458,-1.4637407,-0.4865412,0.18748267,-0.6900592,-0.31772968,-0.54434365,0.7569968,0.27362373,-0.087535,-0.39742014,0.014048597,0.14889403,-1.242139,0.011851146,0.979013,-0.40404835,0.026751658,0.23087607,0.66633356,0.9914283,0.37432176,3.436321,0.060481597,0.32408047,-0.5335127,0.6102239,0.3250648,-0.7160264,-0.3686938,-0.8117851,0.1343355,-0.15705867,0.06838386,-0.69226223,0.78588486,-0.16428743,1.4723606,-0.9324195,-0.77102965,1.3458041,0.11324815,0.802477,-0.9411844,0.15867703,0.8708492,0.5137495,0.49445397,-0.72599137,0.33535466,0.032149024,-0.2562693,0.67184544,-0.24246359,-0.8230227,0.42560822,0.25149006,-0.81564534,-0.39598513,0.66608554,-1.0615193,-0.30317187,0.1898125,-0.16356121,0.7727842,-0.23290832,0.39761353,-0.14142768,0.70210636,0.78090775,-0.46337065,-0.15458491,-0.6448167,-1.0595896,0.47442317,0.31933245,1.520071,0.90947294,-0.27258196,-1.081467,-0.93140405,0.27019015,0.1140142,0.5173381,-0.5885352,-0.5520813,0.6886864,0.39709073,-1.2002866,-1.5121483,-0.13211404,-1.1547449,-0.10882497,-0.2520779,-0.67706966,-0.3280099,1.247042,0.29413825,-1.0263692,-0.9828557,0.7216691,-1.0302465,0.870607,0.80721515,-0.081279315,-0.083095394,0.20968986,-0.006839854,0.22371829,0.016659902,0.0346474,1.6229771,0.10184238,0.21813257,0.19526866,-0.3882277,0.5283831,1.8030465,-0.42459646,-0.8104286,-1.6370951,0.07891462,-0.04744419,0.2858722,1.9115556,-0.73026913,-0.5289753,0.5362213,1.447385,-0.3541376,1.4539145,-0.47095314,0.55515015,0.3986105,0.27945065,-0.59997976,0.036846165,0.16320261,-2.208041,-1.2341576,-0.4842906,0.7731314,-0.6739219,-1.0468208,-0.036768835,0.032184996,0.16925713,-1.100127,0.107054345,-0.40632385,0.74604625,-1.6371953
GHGHGHG,B,-0.42388603,0.83475864,0.49002323,0.6838433,-0.5335783,0.024958367,0.54967964,0.49212143,-1.3417426,-0.7646647,-0.15432325,0.6847662,-0.92476803,-0.684344,-0.0480136,0.916133,-0.006850362,0.5880831,0.6170286,0.14124994,0.23082662,-2.3185232,-0.707899,-0.06971069,-0.36275837,0.25854132,-0.004348663,0.40553027,-0.21022688,0.37221208,3.5458522,0.22990666,0.17662801,-0.16919439,0.8451132,-0.54580134,-0.60254437,0.17022428,-0.088174716,-0.6523961,0.031811666,0.079247996,-0.8092652,0.48133305,-0.076520205,1.6529152,-0.035570037,-1.3906308,-0.21639606,-0.28554854,0.4636338,-1.2668889,-0.015916709,0.26971617,-0.10926872,1.0816116,-0.59414923,0.46602148,-0.3774688,0.24191955,0.73519623,-0.23559909,-0.10072108,-0.2799928,0.006765011,-0.8806618,-0.6117679,0.011449703,-0.33788428,-0.26700336,-0.74279255,-0.3503529,0.9377971,-0.7931199,-0.09128038,-0.08353499,-0.40112257,0.32684326,-0.28448084,-0.08011424,-1.5392774,-1.1096547,1.1621227,0.48743573,2.325419,3.0679364,-0.6115798,-0.17620708,0.05044195,-0.30265146,-0.39262694,1.2121841,-0.65698177,0.23492299,-0.17423654,0.4289996,-0.42199156,-0.7089216,-0.7136508,-0.55530727,-0.03416554,-0.123258285,0.48608503,0.044193868,0.6538796,0.5128428,-0.9578213,-1.211443,0.41253287,-0.57755816,0.761696,0.67260706,0.3212445,0.08749051,0.42193228,0.070593484,0.50056696,0.07895068,-0.025446372,1.9702609,-0.2798962,0.86403596,-0.10138701,-0.65929556,0.57642466,1.2116463,-1.0600203,-0.16632375,-1.4314448,0.040293086,0.6413065,-0.30083552,1.6340033,0.09328519,-0.3077788,-0.4675273,2.6039655,-0.41527107,0.6470041,-1.3500807,1.1684084,1.0106347,-0.20822802,-0.6316171,-0.28580138,1.3248746,-2.7243917,-1.5109726,0.109212,0.19722411,-0.31021735,-0.24239483,-0.17582981,0.16779336,0.4393377,-1.7357141,-0.27770993,0.4570275,0.18526776,-1.8494837
QHQHQHQ,B,-0.58026606,1.4518365,0.8929359,0.636694,0.045689218,0.1443875,0.121858194,-0.21297741,-1.7782958,-1.0498006,0.047305044,-0.13059416,-0.19871388,-0.46884346,-0.8661555,0.13664028,-0.051148098,0.48671478,-0.28469378,0.036780782,0.023156866,-2.427766,0.57613456,-0.13015139,0.5815932,-0.07214471,0.26864293,0.68493396,-0.10434268,0.19292994,3.2265735,-0.27925572,-0.00668894,-0.4253972,0.5244371,0.27686948,-0.98996097,-0.51341397,-0.7771296,-0.32685694,0.15007731,0.43156978,-0.9144427,0.48177394,-0.59052867,2.4498742,0.042418573,-0.9727403,0.19493103,-0.059085794,1.5777178,-1.3785287,0.89465183,0.19330285,-0.6199001,0.8209787,-0.6348311,0.55606455,0.30548006,0.749647,0.6384078,0.15107317,-0.22705743,-0.3037443,-0.2141866,-0.67789173,-0.15590297,0.26782706,-0.2038583,-0.47277755,0.0025011546,-0.884898,1.2877318,-1.0091463,0.3958797,0.26740807,-0.5880433,-0.35786408,-0.266484,0.7141452,-1.0988106,-1.601538,1.4098414,-0.08777202,2.5771809,1.0557786,-0.2413698,-0.83986014,-0.7173624,-0.5174337,0.27124316,1.4433831,-0.08561585,-0.10086339,-0.31000137,0.58483267,-1.9679729,-1.3380071,-0.57019085,-1.107786,0.6488338,-0.011224562,-0.4267741,0.25002655,1.2955879,0.5093115,-0.88993376,-1.2678839,0.29267427,-1.2267171,0.788036,0.83727115,0.48510966,-0.8901191,0.74757713,-0.40547618,0.5156186,0.29582354,-0.025801871,1.861335,-1.1151074,0.4563726,-0.08540472,-0.42670104,0.38811374,0.5241735,-0.8220172,-0.67559034,-1.3782891,0.57696325,0.35094208,0.11026354,1.6815726,0.19826405,-0.23019297,0.2779589,1.6448143,-0.4800348,0.620393,-0.49317583,1.3859899,1.2716774,-0.20491989,-0.7047952,0.17953321,0.75398684,-1.9478683,-0.707655,0.017577713,0.14493306,-0.9394025,-0.8455132,0.0969147,0.42311987,0.105925485,-1.9180326,0.73703706,0.72171694,0.9280427,-0.95111763
IHIHIHI,B,-0.49260184,0.40167993,0.53120375,0.19295314,0.3009608,0.15423714,-0.1025338,0.17405626,-0.74147093,-1.2570126,0.42468444,0.49665803,-0.55260736,0.08314906,-0.73670995,0.27527955,-0.25333235,1.0529695,0.0704638,0.14672646,-0.14734186,-3.3583715,-0.39534393,-0.33065563,-0.39713287,-0.07709461,-0.093489036,0.16754858,0.015223989,-0.7592581,4.4627395,-0.6098901,-0.36584637,0.06860561,0.43521827,0.54167384,-0.7281045,-0.20322625,-0.44290784,-0.22847895,-0.164856,-0.38750556,-0.24065736,-0.123817556,-0.66583914,1.9318497,-0.22237134,-1.2537658,0.15822156,-0.71293694,0.46434656,0.027427671,0.2329472,0.32279292,-0.22796552,1.4367841,0.068019986,0.70203555,-0.048617907,0.054002035,0.86902016,-0.36594877,-0.16568847,-0.14232619,-0.07943208,-1.4034653,-0.88690346,-0.40907198,-0.51490754,-0.0014327684,-0.13929392,0.18569784,1.7527397,0.0348909,0.24031813,0.021120707,-0.4037431,-0.23010175,0.1332257,-0.33865756,-0.7784578,-1.2421691,1.6060866,0.22366741,2.0270715,3.151855,-0.3003839,-0.13347726,-0.31758705,-0.29758987,-0.52632153,1.9861649,-0.089651704,0.14542519,-0.460041,0.49945274,-0.6480115,0.28407806,-0.10778508,-0.19103602,-0.1837882,-0.11984674,0.23352571,0.17396937,1.0519093,0.25922498,-0.6129433,-2.0684793,0.32496265,-0.5804885,1.647438,-0.115337096,0.42958513,-0.22089206,0.49177203,-0.26395282,0.057757735,0.027028909,0.5151115,2.379065,0.20083143,-0.24913798,-0.2504074,-0.29086593,-0.6731773,1.6875252,-0.35837197,-0.26759818,-1.4917208,0.13628109,0.52623194,-0.08905478,0.6181864,0.11214982,0.35132495,-0.83224565,2.5203598,-1.1463228,0.118947305,-1.2725313,1.1485331,0.4379948,0.013071327,-0.042439677,-0.37476525,1.0093635,-2.3674095,-1.3026124,-0.13779192,0.10847347,-0.18488567,-0.06896346,0.16202058,0.2583755,-0.20690785,-2.3044014,0.1577981,-0.16514066,0.22639215,-0.95944244
NHNHNHN,B,-0.3131525,0.8334134,0.24838038,0.5605827,-0.023781376,-0.5812069,-0.29977497,0.5099071,-1.0044897,-0.4056429,0.7138031,1.1849622,-0.23560712,-0.28402576,-0.46647152,0.08468038,0.28051203,0.5281824,-0.043784767,0.14847326,-0.4733397,-2.407293,-0.38190943,0.13487309,0.9771123,-0.06142694,0.35355034,0.7750448,0.80668694,-0.46498102,3.1026552,-0.1674037,-0.18699376,0.3267366,0.6972512,-0.16593,-1.2202953,0.08941843,-1.23025,-0.5079223,-0.16549037,-0.3730521,-1.0206735,0.08739651,0.15915473,1.1944789,-0.22230327,-1.7593166,0.17280917,0.06105094,0.24283437,-1.0784247,0.04980243,0.6392027,-0.88441783,0.2899907,-0.33843943,0.6685491,-0.15478016,0.8164491,0.8772902,0.0977308,-0.041341007,-0.9067033,-0.29479837,-0.7547768,-0.8251438,-0.13739589,-0.42159674,-0.07443621,0.08833492,0.1706308,1.5355625,0.65267116,0.19445209,-0.07971362,-0.65139085,-0.68609124,-0.85448045,0.3782218,-0.98042977,-0.3603622,1.077383,0.0737908,1.8758566,1.5564833,-0.25229746,-0.5130875,-1.1691992,-0.6976431,0.22659938,1.2465626,-0.034120936,-0.0648599,-0.8764855,1.0895594,-0.9212408,-0.27040297,-0.12357403,-1.0122297,-0.20375642,0.113609366,0.22469045,0.46415836,1.0793021,0.65559673,-0.54783094,-1.1046175,-0.6551402,-1.0510947,0.7948704,0.5109395,0.6004399,-0.3594975,0.39095575,-0.7498482,0.048012294,0.4745663,0.8350687,0.73124534,0.12218582,0.7717398,-0.3567037,-0.30407318,0.13042362,1.290336,-0.14395535,-0.38446862,-0.76814604,0.3290674,0.6030895,0.078096144,1.9016427,-0.08024173,-0.22192514,0.19311193,1.7217176,-0.27694005,0.48175094,0.11485501,0.7239283,0.86653626,-0.22956082,-0.44279256,-0.41952166,1.4089906,-3.2580514,-0.23399468,-0.454329,0.5834255,-1.4405042,0.11648373,0.35428646,-0.110095814,0.28777257,-2.0141473,0.30732992,-0.32401592,1.2236055,-1.7130048
VHVHVHV,B,0.05246193,1.3458483,0.33478218,0.46501702,0.24613142,0.354145,0.23924674,-0.5494918,-1.5044419,-1.4570845,0.36539596,0.42561254,-0.8978337,-0.16933033,-0.21692331,0.2964827,0.1113547,0.28965816,0.07878381,-0.1967628,0.05322184,-2.7950265,-0.777268,-0.49729925,0.20164359,0.58902115,0.123201065,0.3926079,0.38994986,-0.19445565,4.2581472,-0.28936884,0.07781104,0.28138494,0.5421606,0.123944536,-0.50668633,-0.015000639,-0.5542688,0.5823206,0.09795653,-0.436377,-0.56938165,0.724689,-0.699966,2.0082006,0.06792605,-1.0584382,0.039323866,-0.8122106,-0.12866299,-0.49092737,-0.7593275,0.6287899,-0.40492544,0.7647198,-0.06312065,-0.36370277,-0.037493236,0.55593014,0.8592624,-0.25481927,-0.42751643,-0.11429523,0.45757142,-1.1558883,-0.09536749,-0.08334712,-0.35780162,-0.8673455,-0.2303863,-0.2429949,1.4192846,-0.736746,0.49776742,-0.24656045,-0.59612,-0.22405754,-0.3956051,-0.2141128,-1.4262518,-1.144415,0.95195097,-0.07294746,1.5145016,1.9460477,0.22253585,-0.9557953,-0.3587173,-0.26702654,-0.48077697,1.5289412,0.5326633,-0.38454458,-0.6041426,0.10077445,-0.8425582,0.017829245,-0.20466062,-0.5478532,-0.0009140213,-0.113112345,-0.5112569,0.06319385,1.3928108,0.57729304,-0.83861554,-1.4507978,0.24091415,-0.019477218,0.9729592,0.37245312,0.6018278,-0.30033812,0.0135346735,-0.028743913,0.10203967,0.5307555,-0.072665855,2.0428555,0.045491684,0.81811047,-0.14939629,-0.24489243,0.25313073,1.7597725,-1.4177998,0.041072123,-1.1599958,0.5103646,0.4264489,-0.15104704,1.6431543,-0.45579866,-0.23924354,0.19247375,2.4730034,-0.8172693,0.7825409,-1.1633812,1.0202507,1.1143297,-0.3472332,-0.32790026,-0.2947261,0.36956257,-2.261472,-1.5120828,0.6847127,-0.19610775,-0.17083201,-0.17135675,-0.086754456,0.9792531,0.056098454,-1.466551,-0.12455898,-0.3619399,0.7777526,-1.3403953
SHSHSHS,B,-0.012591617,0.59490436,0.3685946,0.15214758,-0.55204076,0.028452022,0.49598345,0.18452905,-1.7075126,-0.43223974,0.28905317,1.3657389,-0.27264684,-0.5133748,0.23045681,0.8242428,-0.06161695,0.3765642,0.33742958,-0.12329925,-0.28758934,-2.1458352,-0.47992882,-0.08591153,-0.28310043,0.31705555,0.4706982,0.58951414,-0.082265444,-0.14333132,3.2203405,-0.3855546,-0.70239305,-0.024343057,1.4964777,0.2862441,-1.0618402,0.45926714,-0.34076872,-0.05202451,-0.2896655,0.07234867,-0.9054038,-0.4036522,-0.08985768,1.2351197,0.32256538,-1.019791,-0.079738915,-0.3850171,0.3793405,-0.85107815,0.45550314,0.30416209,-0.90403986,1.6958686,-0.6846884,1.1010916,-0.0329909,0.6333674,1.3066345,-0.9647638,-0.1526891,-0.22734125,-0.37181625,-0.41394708,-0.39977008,0.0032424629,-0.4839092,0.5468167,-0.6357259,-0.14015885,0.86777467,-0.1535073,-0.47926825,0.5990577,-0.48490205,-0.26207522,0.12416817,0.056595128,-1.4951514,-0.9939894,0.8957263,0.83931303,1.7802502,1.7720543,-0.81588894,0.2269704,-1.2792951,-0.43837756,-0.77348244,1.1640719,-0.59295017,0.2115223,-0.0594194,0.5480673,-0.37660226,-1.147505,-0.6804167,-0.630788,0.03611261,-0.3218234,-0.3461461,-0.00045201182,1.2784946,0.5467548,-0.6542675,-1.7435074,0.21962097,-0.9437564,1.6814467,0.49745473,0.4786083,-0.7877296,1.0883926,-0.5927238,0.33920613,-0.52734923,-0.26834846,1.8119984,0.19994013,0.039879005,-0.1844018,-0.27343094,0.48864818,1.1427246,0.07232817,-0.02028271,-1.4435227,0.29745808,0.58563673,0.12247122,0.94272375,-0.2231622,-0.21337306,0.269743,2.1664436,-0.7581288,0.15254532,-0.91830593,1.3387367,1.1628515,-0.56737673,-0.09696872,-0.4385249,0.8584134,-2.6051521,-1.7594707,-0.21267472,0.23514536,-0.023004021,-0.3678655,0.62518245,0.38120216,0.15330258,-1.3912783,-0.16794607,0.22760686,0.58348167,-1.2411947
THTHTHT,B,-0.007395608,1.101098,0.41199335,0.40857506,-0.44188055,0.5266076,0.0072547453,0.16142355,-0.55964583,-0.98090833,0.2916568,1.0787653,-0.1445824,-0.26650217,-0.027649555,0.3963232,-0.26841682,-0.04843485,-0.011972002,0.2138176,-0.4061101,-1.938118,-0.44938698,-0.26132566,-0.17483544,-0.30295804,-0.40690893,0.5907137,0.16285649,-0.81490433,3.447497,-0.6785709,-0.29896015,-0.07379939,-0.06875587,0.66745657,-1.2673527,-0.02384551,-0.91435677,-0.004110362,-0.35874447,-0.31081942,-0.2879451,-0.047046065,-0.7524251,1.7352513,0.052362155,-1.3484582,0.58079207,-0.14107731,0.25581095,-0.72295,0.552791,0.6458856,-0.62177765,1.0643252,-0.47939995,0.4673578,0.26925632,0.5082786,1.2091581,0.106341965,-0.38156968,-0.2658175,0.27310678,-1.0395478,-0.7236808,0.5227261,-0.4708932,-0.2318531,-0.30719063,0.013483006,1.7561308,0.17798953,0.19855383,-0.36647645,-0.76038647,-0.64197224,0.016826417,-0.024387006,-0.38855863,-1.1489193,0.9737762,-0.500285,1.6067599,2.6923218,-0.8606431,-0.43698376,-0.1465182,-0.17292528,-0.6198338,1.6119759,0.0188396,0.4793816,-0.416227,0.7203571,-0.7513383,-0.13839372,-0.20979588,-1.1329452,0.48889494,0.21556282,0.014209421,-0.04495406,0.7717926,0.41850993,-0.84372956,-1.5040456,0.64156044,-0.12484545,1.6099491,0.20349286,0.5958382,0.031631924,0.31928736,-0.4446486,0.40601087,-0.53663296,-0.16941832,1.2698222,0.023859799,0.023762545,-0.119576596,-0.45270896,-0.2999955,1.244026,-0.47254816,-0.514527,-0.80923903,-0.35676768,0.7126421,-0.062211063,1.612897,0.20730074,0.10728661,-0.39607528,2.1454837,-0.781378,0.29838943,-1.1105356,1.209054,1.0230676,-0.09353255,-0.30804634,-0.51750815,1.2235234,-2.7433422,-1.4231778,-0.39244732,0.4097829,-0.27238855,-0.1454993,-0.4013822,0.7406172,0.31665593,-1.8858618,0.027462482,-0.005894976,0.24384423,-0.8735525
EHEHEHE,B,0.30657905,1.0418295,0.17155181,0.977355,-0.3401825,0.53671044,0.18071577,0.33396628,-1.6799489,-0.36691934,0.40218732,1.0203196,-0.371759,-0.0948653,-0.03238803,0.4931683,1.1406044,-0.5047451,-0.023111926,0.26175323,-0.731721,-1.190809,0.1253482,0.674672,0.29874176,-0.381836,0.9621499,0.42456967,-0.20384388,0.4998103,3.3264635,-0.39014044,0.4724001,0.45076227,0.9350322,-0.030585067,-0.7269772,0.5001621,0.1967576,0.6227899,0.6556665,-0.8528914,0.00029075998,0.8288239,-0.32269248,1.5251404,-0.49123758,-0.46441856,0.06588377,-0.14595579,-0.27956626,-0.70664155,-0.23664622,0.114307225,-0.24678132,-0.3604655,-0.6954023,-1.0057716,-0.72533077,-0.015563837,0.7041011,-0.48612732,-1.135888,-0.30706763,0.17955044,-1.3146437,-0.4124669,-0.6829585,-0.4885776,-0.71725357,-0.5786366,-0.68991464,0.6695569,-0.12713835,-0.050658535,-0.0065152473,-0.23701736,-0.14396083,-0.508568,0.5940892,-1.1842395,-0.05257707,0.38434952,0.15262847,1.3322898,1.9311695,0.52363205,-0.70161444,-1.0785791,-0.12832637,0.09728505,1.0307599,-0.8228492,0.51353496,0.1868581,0.1627707,-0.38616022,-0.47329298,-0.07161341,-0.3510218,-0.25853688,0.13013056,0.4245228,-0.2631721,0.6618616,-0.043903954,-1.1739677,-0.11946841,-0.109533735,0.07720748,0.56510603,0.55999905,-0.027213003,-0.31092373,-0.7770799,0.13059182,-0.0055211238,0.10717623,0.039013352,0.9500443,-0.09230997,-0.04047559,0.1580986,-0.5273908,-0.33178297,0.76247936,-1.2620038,-0.6116109,-0.5580949,0.36461854,0.70061684,-0.92739165,2.5148776,0.31910303,-0.21360989,-0.21084774,1.1830995,0.05311948,0.517975,0.34905156,0.9088124,0.22204158,-0.7671743,-0.06864667,0.05693986,0.6583139,-2.5182946,-0.6782154,0.07475918,0.5359076,-1.0059224,-0.5910826,0.23695008,0.8204512,-0.7782826,-0.70494837,0.29240766,0.47320765,0.33928946,-0.99885505
DHDHDHD,B,0.09957813,0.45804355,0.5484553,1.079454,0.37268347,0.17575535,0.33818054,0.39891773,-1.7519987,-0.3778182,0.17462851,1.0242633,-0.46675545,0.5714683,-0.48981455,0.4660664,0.49360603,0.19224301,-0.03232823,0.47210386,0.08185112,-2.0479844,-0.5333358,0.67171097,0.2451534,-0.9207095,0.5166431,0.9264408,0.5437508,0.40741095,3.3698213,0.74341136,0.7006119,0.12236011,0.56905,-0.5361914,-0.67767274,-0.14461637,-1.1528903,0.10083543,0.13130401,-0.5521648,-0.94997495,0.862739,0.51440245,0.75513446,-0.16852355,-0.96446973,0.4073351,-0.6499725,-0.22030179,-0.97909874,-1.1729,0.69822323,-0.0657373,0.26144883,-0.3486639,-0.27634934,-0.5087241,0.9909995,0.90580434,-0.06944388,-1.3793933,-0.72434986,0.74129575,-1.1771709,-0.013278825,-0.3312242,-0.21203928,-0.26786724,0.01915142,-0.68843454,0.32971653,-0.4048713,0.036549777,-0.5130188,-0.5145994,-0.78440607,-1.1697608,0.39890411,-1.1307223,0.0074847764,0.6499346,1.0255107,1.2687453,1.1687524,-0.052040197,-0.84774345,-0.5595585,-0.069859505,-0.0348779,0.70164543,-0.6436358,0.38721424,-1.2412956,0.064657375,-0.7381915,-0.32706735,-0.6403033,-0.99490225,-0.3168344,0.36291575,-0.20433569,-0.12934004,1.1585225,0.63939196,-1.4881144,-0.38577873,-0.2053837,-0.3217161,-0.1412652,0.46815524,1.1198322,-0.2625297,-0.36070803,0.00027917963,0.78978693,-0.18042938,0.01644029,0.48313108,-0.87112844,0.9782118,-0.2239141,0.14291368,0.7626814,1.4967586,-1.4818774,-0.49794856,-1.0018584,-0.2244525,0.059306193,-0.14462562,3.0278842,0.5003991,-0.4733807,0.82071,1.5514495,-0.5262568,0.40629548,0.32014033,0.386882,1.38274,-0.31191644,-0.27650744,0.11525036,1.5395848,-2.9714992,-1.3037089,0.063440405,0.64219624,-0.39159626,-0.35466558,0.020610366,0.6100956,0.10667598,-1.4736012,0.64211935,0.6404061,0.6929764,-1.6281967
LHLHLHL,B,-0.26759946,1.3622156,1.0952507,0.27427238,0.13075759,0.06038823,0.25418344,-0.25046435,-2.0380814,-0.95494515,0.5520297,0.5132126,-0.54264563,-0.5332363,-0.16254564,0.34558037,-0.38287157,0.47688025,-0.33700034,0.023348147,0.13813332,-2.6515362,-0.4541429,-0.38141924,0.2111692,-0.10515785,0.4264502,0.37454632,-0.12936178,-0.3110251,4.081455,-0.64315146,-0.5409284,-0.064772315,0.75064474,-0.0006198702,-1.0029299,0.15114002,0.026343733,0.29813552,-0.1207732,0.030761251,-0.66436446,-0.06770557,-1.0064555,1.9713612,-0.17974956,-1.0328529,0.16821782,-0.62933075,0.29471558,-0.28893852,-0.064852595,0.3523973,-0.5942376,1.4179547,-0.48851234,0.45239955,-0.088465944,0.14022799,0.73835343,-0.6202155,-0.546214,0.20415798,0.09203047,-1.6353768,-0.47751808,-0.21934114,-0.13641769,-0.4158028,0.006903631,-0.4493263,1.3579686,-0.23684528,0.33311108,0.2259054,-0.25444865,-0.10969538,0.03583556,-0.32513863,-1.0787174,-1.161651,2.158854,0.04481425,1.7168267,2.420086,0.16849981,-0.47277147,-0.6255733,-0.36928543,-0.4946673,1.8386449,0.19697393,-0.09981687,-0.5620191,0.6849076,-1.067154,-0.62630516,-0.12873349,-0.5808853,-0.38600057,-0.05792455,-0.40816334,0.18301162,1.4434351,0.6628947,-0.44099158,-1.1558334,0.18098792,-0.46821442,1.5924902,0.5537566,0.96717644,-0.8142101,0.76528376,-0.3997736,0.35509297,-0.18341489,0.22876719,2.6104398,-0.70539707,0.38342386,-0.085241064,-0.14250223,0.094723634,1.5745345,-1.152459,-0.24191011,-1.4325212,0.7190865,0.48335305,-0.09259137,0.9576462,-0.10397898,-0.08852353,-0.29857346,2.1539764,-0.84155655,0.371904,-1.1590806,1.5395892,0.7988419,-0.28899243,-0.1670249,-0.58397156,0.7014807,-1.9483427,-1.0092367,0.19057284,-0.2160341,-0.38421252,-0.80830956,0.024464179,0.5760619,-0.33731705,-1.932142,0.16653892,0.037521265,0.24033721,-0.93718857
FHFHFHF,B,-0.31034565,0.3095665,0.4314323,0.60573375,0.46458223,-0.85673183,0.29608005,0.04983607,-1.7135707,-0.7375067,0.839251,0.95043814,-0.6986426,-0.5140385,-0.21723935,-0.4295947,-0.68370694,0.17601362,-0.24762614,-0.19201858,-0.13419147,-3.08906,-0.5735241,0.05480871,-0.470419,0.21662576,0.41199002,0.0913355,-0.42800102,-0.68733805,3.743336,-0.534971,-0.6030783,0.3006907,0.58513224,0.27394465,-0.68020993,0.23277242,0.15601458,0.6783625,0.07869048,-0.34633785,-0.86737674,0.54078686,-0.38973603,2.044284,0.08372026,-1.3830411,-0.25696093,-0.72811276,0.42801785,-0.5264188,-0.038748417,0.24098052,-0.4044382,0.7526561,-0.5051432,0.6455879,-0.04671526,0.386682,0.94321245,-0.12773843,-0.4302892,-0.38574973,0.20283702,-1.3967148,-0.36593157,0.40390107,-0.861565,-0.5360695,-0.24738939,0.10166323,1.3541527,-0.2748281,-0.016033566,0.47234222,-0.07359699,-0.25421172,0.0019656867,-0.24500383,-1.5946141,-0.8863038,1.9200357,0.8497213,1.3192924,2.6516902,-0.17775834,-0.1705898,-0.94530433,-0.14902098,-0.25791976,1.819232,0.24162038,0.12477803,-0.44767633,0.70330703,0.10114688,0.18045548,0.33415017,-0.467216,-0.03717665,-0.15756953,0.30842164,-0.007994209,1.3887349,0.6612753,-0.30707258,-1.4890279,0.2727053,-0.7442359,0.9531761,0.31389207,0.94359404,-0.8865522,0.43610838,-0.19126296,-0.2902526,0.08251805,0.32027054,1.5844318,-0.14153577,1.0904015,-0.41486892,0.0037040752,-0.38842243,1.5117369,-0.38949972,-0.570898,-1.7922332,1.1686528,0.25329682,-0.29971546,1.0689505,-0.1629924,-0.25973266,-0.12277478,1.9353653,-1.1391541,0.46495995,-0.9387401,1.5660713,0.8195197,-0.11951767,-0.5093245,-1.1297323,0.83560914,-2.2764652,-1.1487423,0.14736654,-0.13602746,-0.11492084,0.21661475,-0.07915558,0.33624527,-0.010652206,-1.4435213,-0.12896441,-0.19887124,0.80768055,-1.3037843
PHPHPHP,B,-0.73774946,1.2973238,1.1530359,0.40762594,-0.5088076,-0.021108817,0.31017828,0.07017575,-2.1145597,-1.0793681,0.29049736,0.73435336,-0.30589795,-0.016386611,0.6353707,1.1953781,-0.04346019,0.41687933,-0.17852238,0.75292623,0.08841475,-1.7666647,-0.41098037,-0.27127713,-0.034859657,0.4264333,0.8615572,0.8715886,-0.00146293,0.22244146,2.7460709,-0.8056532,-0.19509284,-0.39587197,0.9654585,0.46265224,-0.964109,0.18039511,-0.3266883,0.36971995,0.14471315,-0.017928371,-1.2104475,0.05339614,-0.66836625,1.2520748,-0.38440174,-0.9276606,0.11387038,-0.19766906,0.8804124,-0.19467698,0.573728,-0.08990125,-0.70265543,1.0791341,-1.1484187,1.4052341,0.29936308,0.5556425,0.948442,-0.8790303,-0.3063081,0.31688622,-0.049656715,-0.8504023,-1.1175603,0.65790576,-1.2368686,0.50792944,-0.49068648,0.080155335,1.122499,-0.7086217,0.25516602,-0.3341258,-0.29661828,0.5286922,-0.58904463,-0.22652948,-0.7699656,-1.4015108,0.79676753,-0.024022551,1.6207691,1.1515391,-0.7113248,-0.6812192,0.12916581,-0.24579628,-0.1452448,1.8131646,0.19619536,0.28078467,-0.5768742,1.1203121,-0.7873239,-1.2657516,-0.6385086,-0.7733879,0.52853006,0.046862207,-0.5507903,0.2603883,0.35871583,0.77926004,-1.0681093,0.064053014,0.04275506,-0.5180673,0.8469755,0.8803267,0.34671006,-0.5337098,-0.6794162,-0.6380462,0.6495529,-0.47098932,-0.3116509,1.3021225,-0.2849607,0.5546801,0.23400667,-0.52183056,0.60184926,1.1192665,-0.7784735,-0.7261695,-1.4238999,0.6696628,0.8207941,-0.25734892,1.9628761,-0.94448715,-0.38782436,0.20499058,1.1302325,-0.21434458,0.584108,0.11294402,0.93181866,1.4090598,-0.5642629,-1.3859288,-0.21751758,0.9044853,-2.4271665,-1.4999707,-0.31431553,-0.6574849,-0.3031352,-0.78275543,-0.13987109,0.4537897,0.9693409,-1.475507,0.17912115,1.075443,0.25655144,-1.2186874
MEGQYKSNLLFT,B,-0.14723542,0.2324577,0.39621714,0.06365755,0.08137406,-0.10741777,-0.09122015,0.3525747,-1.1425287,-1.2415963,-0.03674977,0.21863587,-0.9120473,-0.059703384,-0.87877685,0.009901403,-0.21531115,1.1669012,0.025970891,0.04990697,0.038592327,-3.030837,-0.81145316,-0.5140417,-0.3951683,-0.0027295873,-0.3553854,0.00030195186,-0.27225408,-0.47527227,4.5955377,-0.36315402,-0.19588195,0.033932514,0.35989156,0.34474704,-0.18218124,-0.0054928623,0.26176432,-0.09644234,0.019476976,-0.13352768,-0.13035609,-0.2825834,-0.056931585,1.6973666,-0.05982585,-0.77255887,-0.2827447,-0.62552446,0.80133796,-0.2976137,0.06279322,0.3094453,-0.031717025,1.1492624,0.07623244,0.5664919,-0.22485964,0.19656551,0.55877477,-0.46126512,0.053578332,-0.23150922,0.002785384,-1.1757606,-0.6248823,-0.041222792,-0.16328226,-0.02029994,-0.3571147,-0.28127298,1.4228419,0.0077903247,-0.38872376,0.13354571,-0.26887003,0.055454683,0.18007533,-0.23068072,-1.0087582,-1.5690659,1.7732311,0.22413146,2.172208,3.62874,-0.078903764,0.0030107265,-0.22548597,-0.14367355,-0.51040417,1.9773159,-0.4170719,0.14335234,0.10607826,0.31133774,-0.5071273,0.24087708,-0.041816935,0.08143163,0.048676554,-0.35775736,0.44751218,-0.015190624,1.1170924,0.12982689,-0.8161909,-2.3354173,-0.0097051235,-0.4007691,1.6646994,-0.025304416,0.2785138,0.16447626,0.6387102,0.050052065,-0.11290421,0.21734285,0.4251262,2.3827872,0.24359006,-0.14621781,0.06246729,0.05926672,-0.85788965,1.4633464,-0.06439292,0.030745497,-1.508647,-0.22573008,0.1747656,-0.15479435,0.34489167,0.0048915097,0.15294032,-0.69979066,2.8008745,-0.91527766,0.030094124,-1.6034783,0.7384114,0.22164024,-0.02058077,-0.037742753,-0.15528056,0.7047708,-2.6850271,-1.4814733,0.24999525,0.08976089,-0.094935976,0.1128763,-0.17758588,0.13946901,0.04352151,-2.2689035,-0.0122181,-0.083359204,0.0058591813,-0.79938227
VAPRVQNLHFGA,B,-0.009358001,0.4274664,0.37021276,-0.008252795,0.051545862,-0.004568696,-0.23197083,0.34409678,-1.3577372,-1.2876471,-0.19472776,0.011456308,-1.0466768,-0.07614538,-0.9536627,0.16187166,-0.0366064,0.9211889,0.10428091,-0.062132623,0.17013668,-2.9170206,-0.5016085,-0.48339927,-0.43307224,-0.012178612,-0.36651888,0.057544768,0.0010622181,-0.20403695,4.829541,-0.1875902,-0.07535451,0.026606383,0.28441253,0.3461441,-0.2083386,-0.17680097,0.29848433,-0.095231265,-0.14715403,-0.14896204,-0.31289542,0.13712317,-0.0115243,1.5006475,0.07589107,-0.68651724,-0.30540434,-0.4507225,0.67488915,-0.35757914,-0.05798483,0.4569441,0.055293318,1.1528258,0.1325366,0.37973452,-0.18231308,0.24751061,0.5388798,-0.45300075,-0.06720059,-0.14026529,0.11709454,-1.2485596,-0.5699317,0.14557292,-0.12254118,0.12178052,-0.2745712,-0.23219745,1.4042206,-0.12651101,-0.3630629,0.103812635,-0.2409447,0.26228216,0.017960133,-0.28027818,-1.0351901,-1.5346583,1.5468034,-0.037706427,2.2575111,3.3087604,-0.057741683,0.02895251,-0.3157362,-0.16833036,-0.40260828,1.5859219,-0.4619188,-0.060552385,0.14321674,0.27329525,-0.6387339,-0.0070457836,-0.014129835,-0.14854413,0.041312788,-0.24799441,0.30938944,-0.053575013,1.2412891,0.18402942,-0.9252515,-2.3319476,0.102589734,-0.24808837,1.7472006,0.22800243,0.19366306,0.27001408,0.4323076,0.22343285,-0.1574801,0.27064767,0.2603459,2.2972448,0.3166586,0.22442229,-0.033649612,0.03326637,-0.6288066,1.8443567,-0.23035999,-0.13708444,-1.4135209,-0.07260872,0.11879721,-0.024903143,0.39325246,-0.21778256,-0.10855519,-0.50213236,2.7134085,-0.65841293,0.3679806,-1.5404752,0.6419727,0.2859676,-0.05012545,-0.19611949,-0.17166948,0.48548195,-2.7049596,-1.5318422,0.2521344,-0.11249583,-0.20254475,-0.06667725,-0.106981255,0.016418846,-0.11637201,-1.987639,-0.12450397,0.042854737,0.22517367,-1.0760721
